strategy;forecast_date;state_date;model_requested;model_used;secid;block3_sector;sector_for_eval;weight;block3_expected_return;target_q_fwd_clean;weighted_expected_return;weighted_realized_return;state_infl_high;state_vol_high_auto;state_dd_stress
always_linear;2018-12-31;2018-09-30;ridge;ridge;BELU;all;all;0.15;0.03706586;0.1495098;0.00555988;0.02242647;1.0;0.0;0.0
always_linear;2018-12-31;2018-09-30;ridge;ridge;BISVP;all;all;0.15;0.0391546;0.12219451;0.00587319;0.01832918;1.0;0.0;0.0
always_linear;2018-12-31;2018-09-30;ridge;ridge;KAZTP;all;all;0.15;0.0362061;0.138;0.00543091;0.0207;1.0;0.0;0.0
always_linear;2018-12-31;2018-09-30;ridge;ridge;KROTP;all;all;0.0255949;0.03596838;-0.01167315;0.00092061;-0.00029877;1.0;0.0;0.0
always_linear;2018-12-31;2018-09-30;ridge;ridge;KZOSP;all;all;0.01817095;0.0387162;0.08988764;0.00070351;0.00163334;1.0;0.0;0.0
always_linear;2018-12-31;2018-09-30;ridge;ridge;LNZLP;all;all;0.08251812;0.03939061;0.11020408;0.00325044;0.00909383;1.0;0.0;0.0
always_linear;2018-12-31;2018-09-30;ridge;ridge;LVHK;all;all;0.04988972;0.03606064;-0.20909091;0.00179906;-0.01043149;1.0;0.0;0.0
always_linear;2018-12-31;2018-09-30;ridge;ridge;RSTIP;all;all;0.15;0.03752156;0.01355207;0.00562823;0.00203281;1.0;0.0;0.0
always_linear;2018-12-31;2018-09-30;ridge;ridge;STSB;all;all;0.08713764;0.03839105;0.73966942;0.00334531;0.06445305;1.0;0.0;0.0
always_linear;2018-12-31;2018-09-30;ridge;ridge;TORSP;all;all;0.10806682;0.03850232;-0.06976744;0.00416082;-0.00753955;1.0;0.0;0.0
always_linear;2018-12-31;2018-09-30;ridge;ridge;TRNFP;all;all;0.02862184;0.04268383;0.03216374;0.00122169;0.00092059;1.0;0.0;0.0
always_transformer;2018-12-31;2018-09-30;patchtst_global;patchtst_global;AFLT;all;all;0.09256847;-0.01306552;-0.04823088;-0.00120946;-0.00446466;1.0;0.0;0.0
always_transformer;2018-12-31;2018-09-30;patchtst_global;patchtst_global;BANEP;all;all;0.00739839;-0.00369414;0.0171108;-2.733e-05;0.00012659;1.0;0.0;0.0
always_transformer;2018-12-31;2018-09-30;patchtst_global;patchtst_global;CHGZ;all;all;0.15;0.02872325;0.4375;0.00430849;0.065625;1.0;0.0;0.0
always_transformer;2018-12-31;2018-09-30;patchtst_global;patchtst_global;FEES;all;all;0.15;0.02437794;0.1078855;0.00365669;0.01618282;1.0;0.0;0.0
always_transformer;2018-12-31;2018-09-30;patchtst_global;patchtst_global;LVHK;all;all;0.02357628;-0.01999151;-0.20909091;-0.00047133;-0.00492959;1.0;0.0;0.0
always_transformer;2018-12-31;2018-09-30;patchtst_global;patchtst_global;MISBP;all;all;0.04544121;0.03688471;-0.18;0.00167609;-0.00817942;1.0;0.0;0.0
always_transformer;2018-12-31;2018-09-30;patchtst_global;patchtst_global;RTKM;all;all;0.15;0.00932996;0.02752534;0.00139949;0.0041288;1.0;0.0;0.0
always_transformer;2018-12-31;2018-09-30;patchtst_global;patchtst_global;SNGSP;all;all;0.15;0.04127377;0.04023353;0.00619107;0.00603503;1.0;0.0;0.0
always_transformer;2018-12-31;2018-09-30;patchtst_global;patchtst_global;TATNP;all;all;0.15;-0.01292093;0.11614615;-0.00193814;0.01742192;1.0;0.0;0.0
always_transformer;2018-12-31;2018-09-30;patchtst_global;patchtst_global;YRSBP;all;all;0.08101564;0.06543253;0.47761194;0.00530106;0.03869404;1.0;0.0;0.0
selector_rule_based;2018-12-31;2018-09-30;catboost_lags_regimes;catboost_lags_regimes;ASSB;all;all;0.15;0.08707886;0.8625;0.01306183;0.129375;1.0;0.0;0.0
selector_rule_based;2018-12-31;2018-09-30;catboost_lags_regimes;catboost_lags_regimes;CHKZ;all;all;0.15;0.10732345;1.28581775;0.01609852;0.19287266;1.0;0.0;0.0
selector_rule_based;2018-12-31;2018-09-30;catboost_lags_regimes;catboost_lags_regimes;IGST;all;all;0.08250676;0.0801473;0.53736655;0.00661269;0.04433637;1.0;0.0;0.0
selector_rule_based;2018-12-31;2018-09-30;catboost_lags_regimes;catboost_lags_regimes;JNOSP;all;all;0.15;0.09320829;0.17073171;0.01398124;0.02560976;1.0;0.0;0.0
selector_rule_based;2018-12-31;2018-09-30;catboost_lags_regimes;catboost_lags_regimes;LPSB;all;all;0.03803618;0.07905537;0.73333333;0.00300696;0.0278932;1.0;0.0;0.0
selector_rule_based;2018-12-31;2018-09-30;catboost_lags_regimes;catboost_lags_regimes;MISBP;all;all;0.03693125;0.11367714;-0.18;0.00419824;-0.00664762;1.0;0.0;0.0
selector_rule_based;2018-12-31;2018-09-30;catboost_lags_regimes;catboost_lags_regimes;NNSBP;all;all;0.03741938;0.07757688;0.76373626;0.00290288;0.02857853;1.0;0.0;0.0
selector_rule_based;2018-12-31;2018-09-30;catboost_lags_regimes;catboost_lags_regimes;VRSB;all;all;0.15;0.12952733;0.12380952;0.0194291;0.01857143;1.0;0.0;0.0
selector_rule_based;2018-12-31;2018-09-30;catboost_lags_regimes;catboost_lags_regimes;YAKG;all;all;0.15;0.09643697;-0.00239234;0.01446555;-0.00035885;1.0;0.0;0.0
selector_rule_based;2018-12-31;2018-09-30;catboost_lags_regimes;catboost_lags_regimes;YRSB;all;all;0.05510643;0.08648666;0.61643836;0.00476597;0.03396972;1.0;0.0;0.0
selector_composite;2018-12-31;2018-09-30;ridge;ridge;BELU;all;all;0.15;0.03706586;0.1495098;0.00555988;0.02242647;1.0;0.0;0.0
selector_composite;2018-12-31;2018-09-30;ridge;ridge;BISVP;all;all;0.15;0.0391546;0.12219451;0.00587319;0.01832918;1.0;0.0;0.0
selector_composite;2018-12-31;2018-09-30;ridge;ridge;KAZTP;all;all;0.15;0.0362061;0.138;0.00543091;0.0207;1.0;0.0;0.0
selector_composite;2018-12-31;2018-09-30;ridge;ridge;KROTP;all;all;0.0255949;0.03596838;-0.01167315;0.00092061;-0.00029877;1.0;0.0;0.0
selector_composite;2018-12-31;2018-09-30;ridge;ridge;KZOSP;all;all;0.01817095;0.0387162;0.08988764;0.00070351;0.00163334;1.0;0.0;0.0
selector_composite;2018-12-31;2018-09-30;ridge;ridge;LNZLP;all;all;0.08251812;0.03939061;0.11020408;0.00325044;0.00909383;1.0;0.0;0.0
selector_composite;2018-12-31;2018-09-30;ridge;ridge;LVHK;all;all;0.04988972;0.03606064;-0.20909091;0.00179906;-0.01043149;1.0;0.0;0.0
selector_composite;2018-12-31;2018-09-30;ridge;ridge;RSTIP;all;all;0.15;0.03752156;0.01355207;0.00562823;0.00203281;1.0;0.0;0.0
selector_composite;2018-12-31;2018-09-30;ridge;ridge;STSB;all;all;0.08713764;0.03839105;0.73966942;0.00334531;0.06445305;1.0;0.0;0.0
selector_composite;2018-12-31;2018-09-30;ridge;ridge;TORSP;all;all;0.10806682;0.03850232;-0.06976744;0.00416082;-0.00753955;1.0;0.0;0.0
selector_composite;2018-12-31;2018-09-30;ridge;ridge;TRNFP;all;all;0.02862184;0.04268383;0.03216374;0.00122169;0.00092059;1.0;0.0;0.0
always_linear;2019-03-31;2018-12-31;ridge;ridge;ARSA;all;all;0.15;-0.01819181;0.08277042;-0.00272877;0.01241556;0.0;0.0;0.0
always_linear;2019-03-31;2018-12-31;ridge;ridge;BISVP;all;all;0.15;-0.01520193;0.15333333;-0.00228029;0.023;0.0;0.0;0.0
always_linear;2019-03-31;2018-12-31;ridge;ridge;DIOD;all;all;0.10019574;-0.01790091;0.08423326;-0.0017936;0.00843981;0.0;0.0;0.0
always_linear;2019-03-31;2018-12-31;ridge;ridge;DZRDP;all;all;0.00352173;-0.01657479;-0.04880932;-5.837e-05;-0.00017189;0.0;0.0;0.0
always_linear;2019-03-31;2018-12-31;ridge;ridge;IGSTP;all;all;0.14299663;-0.01603819;-0.07746479;-0.00229341;-0.0110772;0.0;0.0;0.0
always_linear;2019-03-31;2018-12-31;ridge;ridge;KTSBP;all;all;0.02657036;-0.01440536;-0.21264368;-0.00038276;-0.00565002;0.0;0.0;0.0
always_linear;2019-03-31;2018-12-31;ridge;ridge;RLMN;all;all;0.03754236;-0.0156513;-0.08349901;-0.00058759;-0.00313475;0.0;0.0;0.0
always_linear;2019-03-31;2018-12-31;ridge;ridge;RLMNP;all;all;0.06026465;-0.01455513;-0.04042037;-0.00087716;-0.00243592;0.0;0.0;0.0
always_linear;2019-03-31;2018-12-31;ridge;ridge;SAGOP;all;all;0.15;-0.01622764;-0.07575758;-0.00243415;-0.01136364;0.0;0.0;0.0
always_linear;2019-03-31;2018-12-31;ridge;ridge;TORSP;all;all;0.15;-0.01575567;0.0;-0.00236335;0.0;0.0;0.0;0.0
always_linear;2019-03-31;2018-12-31;ridge;ridge;VLHZ;all;all;0.00320424;-0.01805531;-0.075;-5.785e-05;-0.00024032;0.0;0.0;0.0
always_linear;2019-03-31;2018-12-31;ridge;ridge;VSYDP;all;all;0.02570429;-0.016685;0.12951807;-0.00042888;0.00332917;0.0;0.0;0.0
always_transformer;2019-03-31;2018-12-31;patchtst_global;patchtst_global;ALBK;all;all;0.00398403;0.34210497;-0.28275362;0.00136296;-0.0011265;0.0;0.0;0.0
always_transformer;2019-03-31;2018-12-31;patchtst_global;patchtst_global;AVAN;all;all;0.15;0.34827507;-0.13062527;0.05224126;-0.01959379;0.0;0.0;0.0
always_transformer;2019-03-31;2018-12-31;patchtst_global;patchtst_global;KBSB;all;all;0.15;0.28847212;0.0017467;0.04327082;0.000262;0.0;0.0;0.0
always_transformer;2019-03-31;2018-12-31;patchtst_global;patchtst_global;MISBP;all;all;0.04146627;0.31937343;0.01886792;0.01324323;0.00078238;0.0;0.0;0.0
always_transformer;2019-03-31;2018-12-31;patchtst_global;patchtst_global;NNSB;all;all;0.15;0.33779046;-0.38421053;0.05066857;-0.05763158;0.0;0.0;0.0
always_transformer;2019-03-31;2018-12-31;patchtst_global;patchtst_global;ROSB;all;all;0.15;0.33067489;-0.00347222;0.04960123;-0.00052083;0.0;0.0;0.0
always_transformer;2019-03-31;2018-12-31;patchtst_global;patchtst_global;RTSB;all;all;0.07880117;0.25764838;-0.01151817;0.02030299;-0.00090765;0.0;0.0;0.0
always_transformer;2019-03-31;2018-12-31;patchtst_global;patchtst_global;UKUZ;all;all;0.15;0.38576037;-0.12828947;0.05786406;-0.01924342;0.0;0.0;0.0
always_transformer;2019-03-31;2018-12-31;patchtst_global;patchtst_global;VSYDP;all;all;0.11250502;0.32258543;0.12951807;0.03629248;0.01457143;0.0;0.0;0.0
always_transformer;2019-03-31;2018-12-31;patchtst_global;patchtst_global;YRSBP;all;all;0.01324351;0.32975674;-0.25757576;0.00436714;-0.00341121;0.0;0.0;0.0
selector_rule_based;2019-03-31;2018-12-31;ridge;ridge;ARSA;all;all;0.15;-0.01819181;0.08277042;-0.00272877;0.01241556;0.0;0.0;0.0
selector_rule_based;2019-03-31;2018-12-31;ridge;ridge;BISVP;all;all;0.15;-0.01520193;0.15333333;-0.00228029;0.023;0.0;0.0;0.0
selector_rule_based;2019-03-31;2018-12-31;ridge;ridge;DIOD;all;all;0.10019574;-0.01790091;0.08423326;-0.0017936;0.00843981;0.0;0.0;0.0
selector_rule_based;2019-03-31;2018-12-31;ridge;ridge;DZRDP;all;all;0.00352173;-0.01657479;-0.04880932;-5.837e-05;-0.00017189;0.0;0.0;0.0
selector_rule_based;2019-03-31;2018-12-31;ridge;ridge;IGSTP;all;all;0.14299663;-0.01603819;-0.07746479;-0.00229341;-0.0110772;0.0;0.0;0.0
selector_rule_based;2019-03-31;2018-12-31;ridge;ridge;KTSBP;all;all;0.02657036;-0.01440536;-0.21264368;-0.00038276;-0.00565002;0.0;0.0;0.0
selector_rule_based;2019-03-31;2018-12-31;ridge;ridge;RLMN;all;all;0.03754236;-0.0156513;-0.08349901;-0.00058759;-0.00313475;0.0;0.0;0.0
selector_rule_based;2019-03-31;2018-12-31;ridge;ridge;RLMNP;all;all;0.06026465;-0.01455513;-0.04042037;-0.00087716;-0.00243592;0.0;0.0;0.0
selector_rule_based;2019-03-31;2018-12-31;ridge;ridge;SAGOP;all;all;0.15;-0.01622764;-0.07575758;-0.00243415;-0.01136364;0.0;0.0;0.0
selector_rule_based;2019-03-31;2018-12-31;ridge;ridge;TORSP;all;all;0.15;-0.01575567;0.0;-0.00236335;0.0;0.0;0.0;0.0
selector_rule_based;2019-03-31;2018-12-31;ridge;ridge;VLHZ;all;all;0.00320424;-0.01805531;-0.075;-5.785e-05;-0.00024032;0.0;0.0;0.0
selector_rule_based;2019-03-31;2018-12-31;ridge;ridge;VSYDP;all;all;0.02570429;-0.016685;0.12951807;-0.00042888;0.00332917;0.0;0.0;0.0
selector_composite;2019-03-31;2018-12-31;kalman_tvp;kalman_tvp;ARSA;all;all;0.05291465;0.02867112;0.08277042;0.00151712;0.00437977;0.0;0.0;0.0
selector_composite;2019-03-31;2018-12-31;kalman_tvp;kalman_tvp;BISVP;all;all;0.15;0.03526617;0.15333333;0.00528992;0.023;0.0;0.0;0.0
selector_composite;2019-03-31;2018-12-31;kalman_tvp;kalman_tvp;IGSTP;all;all;0.1058322;0.03750095;-0.07746479;0.00396881;-0.00819827;0.0;0.0;0.0
selector_composite;2019-03-31;2018-12-31;kalman_tvp;kalman_tvp;KAZTP;all;all;0.15;0.03544592;0.31811203;0.00531689;0.04771681;0.0;0.0;0.0
selector_composite;2019-03-31;2018-12-31;kalman_tvp;kalman_tvp;KRSBP;all;all;0.15;0.03196638;-0.02666667;0.00479496;-0.004;0.0;0.0;0.0
selector_composite;2019-03-31;2018-12-31;kalman_tvp;kalman_tvp;MISBP;all;all;0.02854828;0.0477155;0.01886792;0.0013622;0.00053865;0.0;0.0;0.0
selector_composite;2019-03-31;2018-12-31;kalman_tvp;kalman_tvp;RLMNP;all;all;0.0228734;0.03132956;-0.04042037;0.00071661;-0.00092455;0.0;0.0;0.0
selector_composite;2019-03-31;2018-12-31;kalman_tvp;kalman_tvp;SAGOP;all;all;0.15;0.03579912;-0.07575758;0.00536987;-0.01136364;0.0;0.0;0.0
selector_composite;2019-03-31;2018-12-31;kalman_tvp;kalman_tvp;TORSP;all;all;0.14984763;0.03157435;0.0;0.00473134;0.0;0.0;0.0;0.0
selector_composite;2019-03-31;2018-12-31;kalman_tvp;kalman_tvp;VRSBP;all;all;0.00854256;0.03741965;-0.06934627;0.00031966;-0.00059239;0.0;0.0;0.0
selector_composite;2019-03-31;2018-12-31;kalman_tvp;kalman_tvp;VSYDP;all;all;0.03144129;0.04143756;0.12951807;0.00130285;0.00407222;0.0;0.0;0.0
always_linear;2019-06-30;2019-03-31;ridge;ridge;BISVP;all;all;0.15;0.02303313;0.11467566;0.00345497;0.01720135;0.0;0.0;0.0
always_linear;2019-06-30;2019-03-31;ridge;ridge;DASB;all;all;0.00500785;0.01914596;-0.08717949;9.588e-05;-0.00043658;0.0;0.0;0.0
always_linear;2019-06-30;2019-03-31;ridge;ridge;DIOD;all;all;0.08396999;0.02099778;-0.025221;0.00176318;-0.00211781;0.0;0.0;0.0
always_linear;2019-06-30;2019-03-31;ridge;ridge;ELTZ;all;all;0.00351872;0.0221349;-0.27913279;7.789e-05;-0.00098219;0.0;0.0;0.0
always_linear;2019-06-30;2019-03-31;ridge;ridge;IGSTP;all;all;0.03873695;0.01935315;0.02480916;0.00074968;0.00096103;0.0;0.0;0.0
always_linear;2019-06-30;2019-03-31;ridge;ridge;PMSBP;all;all;0.09985277;0.01993652;-0.025;0.00199072;-0.00249632;0.0;0.0;0.0
always_linear;2019-06-30;2019-03-31;ridge;ridge;RLMN;all;all;0.05885901;0.02541296;-0.09544469;0.00149578;-0.00561778;0.0;0.0;0.0
always_linear;2019-06-30;2019-03-31;ridge;ridge;SAGOP;all;all;0.15;0.01874819;0.07213115;0.00281223;0.01081967;0.0;0.0;0.0
always_linear;2019-06-30;2019-03-31;ridge;ridge;TORSP;all;all;0.15;0.0210501;0.19657572;0.00315752;0.02948636;0.0;0.0;0.0
always_linear;2019-06-30;2019-03-31;ridge;ridge;TRNFP;all;all;0.14229617;0.01806518;-0.09398468;0.00257061;-0.01337366;0.0;0.0;0.0
always_linear;2019-06-30;2019-03-31;ridge;ridge;VLHZ;all;all;0.00206027;0.02116082;0.0055918;4.36e-05;1.152e-05;0.0;0.0;0.0
always_linear;2019-06-30;2019-03-31;ridge;ridge;VZRZP;all;all;0.11569827;0.02112082;0.39417989;0.00244364;0.04560593;0.0;0.0;0.0
always_transformer;2019-06-30;2019-03-31;patchtst_global;patchtst_global;CBOM;all;all;0.15;0.1602058;-0.03134954;0.02403087;-0.00470243;0.0;0.0;0.0
always_transformer;2019-06-30;2019-03-31;patchtst_global;patchtst_global;DSKY;all;all;0.15;0.16722202;0.03636364;0.0250833;0.00545455;0.0;0.0;0.0
always_transformer;2019-06-30;2019-03-31;patchtst_global;patchtst_global;IRKT;all;all;0.00090302;0.1536925;-0.0804261;0.00013879;-7.263e-05;0.0;0.0;0.0
always_transformer;2019-06-30;2019-03-31;patchtst_global;patchtst_global;MTLRP;all;all;0.01230089;0.1510417;-0.17060042;0.00185795;-0.00209854;0.0;0.0;0.0
always_transformer;2019-06-30;2019-03-31;patchtst_global;patchtst_global;MVID;all;all;0.15;0.16509339;-0.0114781;0.02476401;-0.00172171;0.0;0.0;0.0
always_transformer;2019-06-30;2019-03-31;patchtst_global;patchtst_global;PHOR;all;all;0.0462832;0.15316582;0.03027672;0.007089;0.0014013;0.0;0.0;0.0
always_transformer;2019-06-30;2019-03-31;patchtst_global;patchtst_global;POLY;all;all;0.08568455;0.15459648;0.13689586;0.01324653;0.01172986;0.0;0.0;0.0
always_transformer;2019-06-30;2019-03-31;patchtst_global;patchtst_global;RUSI;all;all;0.15;0.32365304;-0.07988981;0.04854796;-0.01198347;0.0;0.0;0.0
always_transformer;2019-06-30;2019-03-31;patchtst_global;patchtst_global;SBERP;all;all;0.15;0.1780003;-0.02237354;0.02670005;-0.00335603;0.0;0.0;0.0
always_transformer;2019-06-30;2019-03-31;patchtst_global;patchtst_global;TRMK;all;all;0.00415532;0.14809325;-0.02945259;0.00061537;-0.00012238;0.0;0.0;0.0
always_transformer;2019-06-30;2019-03-31;patchtst_global;patchtst_global;TUZA;all;all;0.01562015;0.17493717;0.1827957;0.00273254;0.0028553;0.0;0.0;0.0
always_transformer;2019-06-30;2019-03-31;patchtst_global;patchtst_global;VRSBP;all;all;0.08505287;0.17796385;0.21428571;0.01513634;0.01822561;0.0;0.0;0.0
selector_rule_based;2019-06-30;2019-03-31;ridge;ridge;BISVP;all;all;0.15;0.02303313;0.11467566;0.00345497;0.01720135;0.0;0.0;0.0
selector_rule_based;2019-06-30;2019-03-31;ridge;ridge;DASB;all;all;0.00500785;0.01914596;-0.08717949;9.588e-05;-0.00043658;0.0;0.0;0.0
selector_rule_based;2019-06-30;2019-03-31;ridge;ridge;DIOD;all;all;0.08396999;0.02099778;-0.025221;0.00176318;-0.00211781;0.0;0.0;0.0
selector_rule_based;2019-06-30;2019-03-31;ridge;ridge;ELTZ;all;all;0.00351872;0.0221349;-0.27913279;7.789e-05;-0.00098219;0.0;0.0;0.0
selector_rule_based;2019-06-30;2019-03-31;ridge;ridge;IGSTP;all;all;0.03873695;0.01935315;0.02480916;0.00074968;0.00096103;0.0;0.0;0.0
selector_rule_based;2019-06-30;2019-03-31;ridge;ridge;PMSBP;all;all;0.09985277;0.01993652;-0.025;0.00199072;-0.00249632;0.0;0.0;0.0
selector_rule_based;2019-06-30;2019-03-31;ridge;ridge;RLMN;all;all;0.05885901;0.02541296;-0.09544469;0.00149578;-0.00561778;0.0;0.0;0.0
selector_rule_based;2019-06-30;2019-03-31;ridge;ridge;SAGOP;all;all;0.15;0.01874819;0.07213115;0.00281223;0.01081967;0.0;0.0;0.0
selector_rule_based;2019-06-30;2019-03-31;ridge;ridge;TORSP;all;all;0.15;0.0210501;0.19657572;0.00315752;0.02948636;0.0;0.0;0.0
selector_rule_based;2019-06-30;2019-03-31;ridge;ridge;TRNFP;all;all;0.14229617;0.01806518;-0.09398468;0.00257061;-0.01337366;0.0;0.0;0.0
selector_rule_based;2019-06-30;2019-03-31;ridge;ridge;VLHZ;all;all;0.00206027;0.02116082;0.0055918;4.36e-05;1.152e-05;0.0;0.0;0.0
selector_rule_based;2019-06-30;2019-03-31;ridge;ridge;VZRZP;all;all;0.11569827;0.02112082;0.39417989;0.00244364;0.04560593;0.0;0.0;0.0
selector_composite;2019-06-30;2019-03-31;kalman_tvp;kalman_tvp;BISVP;all;all;0.15;0.03595467;0.11467566;0.0053932;0.01720135;0.0;0.0;0.0
selector_composite;2019-06-30;2019-03-31;kalman_tvp;kalman_tvp;DIOD;all;all;0.12192668;0.03317111;-0.025221;0.00404444;-0.00307511;0.0;0.0;0.0
selector_composite;2019-06-30;2019-03-31;kalman_tvp;kalman_tvp;KTSBP;all;all;0.09914449;0.0324412;0.14355231;0.00321637;0.01423242;0.0;0.0;0.0
selector_composite;2019-06-30;2019-03-31;kalman_tvp;kalman_tvp;MISBP;all;all;0.0067533;0.03449484;0.15789474;0.00023295;0.00106631;0.0;0.0;0.0
selector_composite;2019-06-30;2019-03-31;kalman_tvp;kalman_tvp;NSVZ;all;all;0.00822662;0.03120004;-0.01919721;0.00025667;-0.00015793;0.0;0.0;0.0
selector_composite;2019-06-30;2019-03-31;kalman_tvp;kalman_tvp;PMSBP;all;all;0.06165481;0.03094015;-0.025;0.00190761;-0.00154137;0.0;0.0;0.0
selector_composite;2019-06-30;2019-03-31;kalman_tvp;kalman_tvp;RLMN;all;all;0.07018104;0.03761849;-0.09544469;0.0026401;-0.00669841;0.0;0.0;0.0
selector_composite;2019-06-30;2019-03-31;kalman_tvp;kalman_tvp;RLMNP;all;all;0.03701052;0.03617414;0.0336984;0.00133882;0.0012472;0.0;0.0;0.0
selector_composite;2019-06-30;2019-03-31;kalman_tvp;kalman_tvp;SAGOP;all;all;0.15;0.03232926;0.07213115;0.00484939;0.01081967;0.0;0.0;0.0
selector_composite;2019-06-30;2019-03-31;kalman_tvp;kalman_tvp;TASBP;all;all;0.00519923;0.03468257;0.20668693;0.00018032;0.00107461;0.0;0.0;0.0
selector_composite;2019-06-30;2019-03-31;kalman_tvp;kalman_tvp;TORSP;all;all;0.15;0.03417812;0.19657572;0.00512672;0.02948636;0.0;0.0;0.0
selector_composite;2019-06-30;2019-03-31;kalman_tvp;kalman_tvp;VLHZ;all;all;0.05017874;0.03361351;0.0055918;0.00168668;0.00028059;0.0;0.0;0.0
selector_composite;2019-06-30;2019-03-31;kalman_tvp;kalman_tvp;VZRZP;all;all;0.08972456;0.03318058;0.39417989;0.00297711;0.03536762;0.0;0.0;0.0
always_linear;2019-09-30;2019-06-30;ridge;ridge;BISVP;all;all;0.15;0.01143381;0.18834951;0.00171507;0.02825243;0.0;0.0;0.0
always_linear;2019-09-30;2019-06-30;ridge;ridge;ELTZ;all;all;0.10185807;0.00982292;-0.12030075;0.00100054;-0.0122536;0.0;0.0;0.0
always_linear;2019-09-30;2019-06-30;ridge;ridge;IGSTP;all;all;0.05650051;0.01224811;0.18994413;0.00069202;0.01073194;0.0;0.0;0.0
always_linear;2019-09-30;2019-06-30;ridge;ridge;LVHK;all;all;0.11714193;0.009898;-0.06515581;0.00115947;-0.00763248;0.0;0.0;0.0
always_linear;2019-09-30;2019-06-30;ridge;ridge;MISBP;all;all;0.01473627;0.01192491;-0.02272727;0.00017573;-0.00033492;0.0;0.0;0.0
always_linear;2019-09-30;2019-06-30;ridge;ridge;SAGOP;all;all;0.15;0.01161943;0.11926606;0.00174291;0.01788991;0.0;0.0;0.0
always_linear;2019-09-30;2019-06-30;ridge;ridge;TASB;all;all;0.00085178;0.00952396;0.08070866;8.11e-06;6.875e-05;0.0;0.0;0.0
always_linear;2019-09-30;2019-06-30;ridge;ridge;TASBP;all;all;0.15;0.01317715;-0.03274559;0.00197657;-0.00491184;0.0;0.0;0.0
always_linear;2019-09-30;2019-06-30;ridge;ridge;TORSP;all;all;0.15;0.01118056;-0.04192547;0.00167708;-0.00628882;0.0;0.0;0.0
always_linear;2019-09-30;2019-06-30;ridge;ridge;VLHZ;all;all;0.06863621;0.00960139;0.02873031;0.000659;0.00197194;0.0;0.0;0.0
always_linear;2019-09-30;2019-06-30;ridge;ridge;VSYDP;all;all;0.04027523;0.01164088;0.05487805;0.00046884;0.00221023;0.0;0.0;0.0
always_transformer;2019-09-30;2019-06-30;patchtst_global;patchtst_global;HALS;all;all;0.15;0.06493066;-0.12570781;0.0097396;-0.01885617;0.0;0.0;0.0
always_transformer;2019-09-30;2019-06-30;patchtst_global;patchtst_global;IGSTP;all;all;0.15;0.07498429;0.18994413;0.01124764;0.02849162;0.0;0.0;0.0
always_transformer;2019-09-30;2019-06-30;patchtst_global;patchtst_global;KZOSP;all;all;0.04024088;0.05347643;-0.08944724;0.00215194;-0.00359944;0.0;0.0;0.0
always_transformer;2019-09-30;2019-06-30;patchtst_global;patchtst_global;MISBP;all;all;0.09101353;0.10011738;-0.02272727;0.00911204;-0.00206849;0.0;0.0;0.0
always_transformer;2019-09-30;2019-06-30;patchtst_global;patchtst_global;RSTIP;all;all;0.14897667;0.05602902;0.02970923;0.00834702;0.00442598;0.0;0.0;0.0
always_transformer;2019-09-30;2019-06-30;patchtst_global;patchtst_global;SAGOP;all;all;0.15;0.05562566;0.11926606;0.00834385;0.01788991;0.0;0.0;0.0
always_transformer;2019-09-30;2019-06-30;patchtst_global;patchtst_global;VSYDP;all;all;0.09821505;0.07336093;0.05487805;0.00720515;0.00538985;0.0;0.0;0.0
always_transformer;2019-09-30;2019-06-30;patchtst_global;patchtst_global;VTBR;all;all;0.02819052;0.08599198;0.07759127;0.00242416;0.00218734;0.0;0.0;0.0
always_transformer;2019-09-30;2019-06-30;patchtst_global;patchtst_global;YRSBP;all;all;0.14336336;0.13540708;0.05357143;0.01941241;0.00768018;0.0;0.0;0.0
selector_rule_based;2019-09-30;2019-06-30;ridge;ridge;BISVP;all;all;0.15;0.01143381;0.18834951;0.00171507;0.02825243;0.0;0.0;0.0
selector_rule_based;2019-09-30;2019-06-30;ridge;ridge;ELTZ;all;all;0.10185807;0.00982292;-0.12030075;0.00100054;-0.0122536;0.0;0.0;0.0
selector_rule_based;2019-09-30;2019-06-30;ridge;ridge;IGSTP;all;all;0.05650051;0.01224811;0.18994413;0.00069202;0.01073194;0.0;0.0;0.0
selector_rule_based;2019-09-30;2019-06-30;ridge;ridge;LVHK;all;all;0.11714193;0.009898;-0.06515581;0.00115947;-0.00763248;0.0;0.0;0.0
selector_rule_based;2019-09-30;2019-06-30;ridge;ridge;MISBP;all;all;0.01473627;0.01192491;-0.02272727;0.00017573;-0.00033492;0.0;0.0;0.0
selector_rule_based;2019-09-30;2019-06-30;ridge;ridge;SAGOP;all;all;0.15;0.01161943;0.11926606;0.00174291;0.01788991;0.0;0.0;0.0
selector_rule_based;2019-09-30;2019-06-30;ridge;ridge;TASB;all;all;0.00085178;0.00952396;0.08070866;8.11e-06;6.875e-05;0.0;0.0;0.0
selector_rule_based;2019-09-30;2019-06-30;ridge;ridge;TASBP;all;all;0.15;0.01317715;-0.03274559;0.00197657;-0.00491184;0.0;0.0;0.0
selector_rule_based;2019-09-30;2019-06-30;ridge;ridge;TORSP;all;all;0.15;0.01118056;-0.04192547;0.00167708;-0.00628882;0.0;0.0;0.0
selector_rule_based;2019-09-30;2019-06-30;ridge;ridge;VLHZ;all;all;0.06863621;0.00960139;0.02873031;0.000659;0.00197194;0.0;0.0;0.0
selector_rule_based;2019-09-30;2019-06-30;ridge;ridge;VSYDP;all;all;0.04027523;0.01164088;0.05487805;0.00046884;0.00221023;0.0;0.0;0.0
selector_composite;2019-09-30;2019-06-30;kalman_tvp;kalman_tvp;IGSTP;all;all;0.12134703;0.09151666;0.18994413;0.01110527;0.02304916;0.0;0.0;0.0
selector_composite;2019-09-30;2019-06-30;kalman_tvp;kalman_tvp;KBSB;all;all;0.15;0.08524031;0.06882591;0.01278605;0.01032389;0.0;0.0;0.0
selector_composite;2019-09-30;2019-06-30;kalman_tvp;kalman_tvp;KCHEP;all;all;0.0095431;0.09232589;0.04482759;0.00088108;0.00042779;0.0;0.0;0.0
selector_composite;2019-09-30;2019-06-30;kalman_tvp;kalman_tvp;RTSBP;all;all;0.13894687;0.09157928;0.03301887;0.01272465;0.00458787;0.0;0.0;0.0
selector_composite;2019-09-30;2019-06-30;kalman_tvp;kalman_tvp;RZSB;all;all;0.15;0.08480196;0.11666667;0.01272029;0.0175;0.0;0.0;0.0
selector_composite;2019-09-30;2019-06-30;kalman_tvp;kalman_tvp;SAGO;all;all;0.07625492;0.08647824;0.04494382;0.00659439;0.00342719;0.0;0.0;0.0
selector_composite;2019-09-30;2019-06-30;kalman_tvp;kalman_tvp;SAGOP;all;all;0.15;0.08592428;0.11926606;0.01288864;0.01788991;0.0;0.0;0.0
selector_composite;2019-09-30;2019-06-30;kalman_tvp;kalman_tvp;TASB;all;all;0.03811248;0.09050512;0.08070866;0.00344937;0.00307601;0.0;0.0;0.0
selector_composite;2019-09-30;2019-06-30;kalman_tvp;kalman_tvp;TASBP;all;all;0.10589215;0.09028354;-0.03274559;0.00956032;-0.0034675;0.0;0.0;0.0
selector_composite;2019-09-30;2019-06-30;kalman_tvp;kalman_tvp;VSYDP;all;all;0.05990346;0.09000898;0.05487805;0.00539185;0.00328738;0.0;0.0;0.0
always_linear;2019-12-31;2019-09-30;ridge;ridge;ARSA;all;all;0.053427;-0.00151087;-0.07621951;-8.072e-05;-0.00407218;0.0;0.0;0.0
always_linear;2019-12-31;2019-09-30;ridge;ridge;BISVP;all;all;0.15;0.00024741;0.10457516;3.711e-05;0.01568627;0.0;0.0;0.0
always_linear;2019-12-31;2019-09-30;ridge;ridge;CNTLP;all;all;0.04415053;-0.00158578;0.10584958;-7.001e-05;0.00467332;0.0;0.0;0.0
always_linear;2019-12-31;2019-09-30;ridge;ridge;DZRDP;all;all;0.11744111;-0.00019593;-0.18965517;-2.301e-05;-0.02227331;0.0;0.0;0.0
always_linear;2019-12-31;2019-09-30;ridge;ridge;KCHEP;all;all;0.15;0.00085415;0.05280528;0.00012812;0.00792079;0.0;0.0;0.0
always_linear;2019-12-31;2019-09-30;ridge;ridge;KTSBP;all;all;0.05399928;0.00042568;-0.06695464;2.299e-05;-0.0036155;0.0;0.0;0.0
always_linear;2019-12-31;2019-09-30;ridge;ridge;MISBP;all;all;0.07672549;-0.00072193;0.13953488;-5.539e-05;0.01070588;0.0;0.0;0.0
always_linear;2019-12-31;2019-09-30;ridge;ridge;RUGR;all;all;0.08913503;-0.00105063;0.72277228;-9.365e-05;0.06442433;0.0;0.0;0.0
always_linear;2019-12-31;2019-09-30;ridge;ridge;SAGOP;all;all;0.15;-0.00029809;-0.01912568;-4.471e-05;-0.00286885;0.0;0.0;0.0
always_linear;2019-12-31;2019-09-30;ridge;ridge;TORSP;all;all;0.08975586;0.00018096;-0.1384916;1.624e-05;-0.01243043;0.0;0.0;0.0
always_linear;2019-12-31;2019-09-30;ridge;ridge;VGSBP;all;all;0.02536569;5.231e-05;-0.1682243;1.33e-06;-0.00426713;0.0;0.0;0.0
always_transformer;2019-12-31;2019-09-30;patchtst_global;patchtst_global;JNOS;all;all;0.15;0.08707135;-0.04037267;0.0130607;-0.0060559;0.0;0.0;0.0
always_transformer;2019-12-31;2019-09-30;patchtst_global;patchtst_global;KBSB;all;all;0.15;0.09743698;0.01893939;0.01461555;0.00284091;0.0;0.0;0.0
always_transformer;2019-12-31;2019-09-30;patchtst_global;patchtst_global;KCHE;all;all;0.06371153;0.08119834;0.05610561;0.00517327;0.00357457;0.0;0.0;0.0
always_transformer;2019-12-31;2019-09-30;patchtst_global;patchtst_global;RTSB;all;all;0.15;0.09764893;-0.13043478;0.01464734;-0.01956522;0.0;0.0;0.0
always_transformer;2019-12-31;2019-09-30;patchtst_global;patchtst_global;SAGO;all;all;0.0306617;0.07772744;0.01075269;0.00238326;0.0003297;0.0;0.0;0.0
always_transformer;2019-12-31;2019-09-30;patchtst_global;patchtst_global;TNSE;all;all;0.15;0.0823365;0.015;0.01235047;0.00225;0.0;0.0;0.0
always_transformer;2019-12-31;2019-09-30;patchtst_global;patchtst_global;TUZA;all;all;0.15;0.0906639;-0.21276596;0.01359958;-0.03191489;0.0;0.0;0.0
always_transformer;2019-12-31;2019-09-30;patchtst_global;patchtst_global;VRSBP;all;all;0.15;0.08993577;0.08163265;0.01349037;0.0122449;0.0;0.0;0.0
always_transformer;2019-12-31;2019-09-30;patchtst_global;patchtst_global;WTCM;all;all;0.00562677;0.07782534;0.02663438;0.00043791;0.00014987;0.0;0.0;0.0
selector_rule_based;2019-12-31;2019-09-30;ridge;ridge;ARSA;all;all;0.053427;-0.00151087;-0.07621951;-8.072e-05;-0.00407218;0.0;0.0;0.0
selector_rule_based;2019-12-31;2019-09-30;ridge;ridge;BISVP;all;all;0.15;0.00024741;0.10457516;3.711e-05;0.01568627;0.0;0.0;0.0
selector_rule_based;2019-12-31;2019-09-30;ridge;ridge;CNTLP;all;all;0.04415053;-0.00158578;0.10584958;-7.001e-05;0.00467332;0.0;0.0;0.0
selector_rule_based;2019-12-31;2019-09-30;ridge;ridge;DZRDP;all;all;0.11744111;-0.00019593;-0.18965517;-2.301e-05;-0.02227331;0.0;0.0;0.0
selector_rule_based;2019-12-31;2019-09-30;ridge;ridge;KCHEP;all;all;0.15;0.00085415;0.05280528;0.00012812;0.00792079;0.0;0.0;0.0
selector_rule_based;2019-12-31;2019-09-30;ridge;ridge;KTSBP;all;all;0.05399928;0.00042568;-0.06695464;2.299e-05;-0.0036155;0.0;0.0;0.0
selector_rule_based;2019-12-31;2019-09-30;ridge;ridge;MISBP;all;all;0.07672549;-0.00072193;0.13953488;-5.539e-05;0.01070588;0.0;0.0;0.0
selector_rule_based;2019-12-31;2019-09-30;ridge;ridge;RUGR;all;all;0.08913503;-0.00105063;0.72277228;-9.365e-05;0.06442433;0.0;0.0;0.0
selector_rule_based;2019-12-31;2019-09-30;ridge;ridge;SAGOP;all;all;0.15;-0.00029809;-0.01912568;-4.471e-05;-0.00286885;0.0;0.0;0.0
selector_rule_based;2019-12-31;2019-09-30;ridge;ridge;TORSP;all;all;0.08975586;0.00018096;-0.1384916;1.624e-05;-0.01243043;0.0;0.0;0.0
selector_rule_based;2019-12-31;2019-09-30;ridge;ridge;VGSBP;all;all;0.02536569;5.231e-05;-0.1682243;1.33e-06;-0.00426713;0.0;0.0;0.0
selector_composite;2019-12-31;2019-09-30;rolling_ols;rolling_ols;ARSA;all;all;0.15;0.0530242;-0.07621951;0.00795363;-0.01143293;0.0;0.0;0.0
selector_composite;2019-12-31;2019-09-30;rolling_ols;rolling_ols;AVAN;all;all;0.01408631;0.04393032;0.0078125;0.00061882;0.00011005;0.0;0.0;0.0
selector_composite;2019-12-31;2019-09-30;rolling_ols;rolling_ols;HALS;all;all;0.02772618;0.03819894;-0.06735751;0.00105911;-0.00186757;0.0;0.0;0.0
selector_composite;2019-12-31;2019-09-30;rolling_ols;rolling_ols;JNOS;all;all;0.15;0.04682351;-0.04037267;0.00702353;-0.0060559;0.0;0.0;0.0
selector_composite;2019-12-31;2019-09-30;rolling_ols;rolling_ols;RAVN;all;all;0.05818751;0.05458268;-0.24489796;0.00317603;-0.01425;0.0;0.0;0.0
selector_composite;2019-12-31;2019-09-30;rolling_ols;rolling_ols;ROSB;all;all;0.15;0.06373421;-0.19587629;0.00956013;-0.02938144;0.0;0.0;0.0
selector_composite;2019-12-31;2019-09-30;rolling_ols;rolling_ols;UKUZ;all;all;0.15;0.05848522;-0.08429119;0.00877278;-0.01264368;0.0;0.0;0.0
selector_composite;2019-12-31;2019-09-30;rolling_ols;rolling_ols;UTAR;all;all;0.15;0.05159827;-0.11614731;0.00773974;-0.0174221;0.0;0.0;0.0
selector_composite;2019-12-31;2019-09-30;rolling_ols;rolling_ols;WTCMP;all;all;0.15;0.04859256;0.04557641;0.00728888;0.00683646;0.0;0.0;0.0
always_linear;2020-03-31;2019-12-31;ridge;ridge;CBOM;all;all;0.15;0.10806509;0.01528662;0.01620976;0.00229299;1.0;0.0;1.0
always_linear;2020-03-31;2019-12-31;ridge;ridge;HIMCP;all;all;0.15;0.11040585;0.04787234;0.01656088;0.00718085;1.0;0.0;1.0
always_linear;2020-03-31;2019-12-31;ridge;ridge;MGNT;all;all;0.11209066;0.11091568;0.30917702;0.01243261;0.03465586;1.0;0.0;1.0
always_linear;2020-03-31;2019-12-31;ridge;ridge;MTLR;all;all;0.13933213;0.12223213;0.07188682;0.01703086;0.01001614;1.0;0.0;1.0
always_linear;2020-03-31;2019-12-31;ridge;ridge;PHOR;all;all;0.15;0.10430398;0.07261133;0.0156456;0.0108917;1.0;0.0;1.0
always_linear;2020-03-31;2019-12-31;ridge;ridge;RTKM;all;all;0.14857721;0.10502411;0.18513514;0.01560419;0.02750686;1.0;0.0;1.0
always_linear;2020-03-31;2019-12-31;ridge;ridge;SNGSP;all;all;0.15;0.1133315;-0.06715426;0.01699972;-0.01007314;1.0;0.0;1.0
always_transformer;2020-03-31;2019-12-31;patchtst_global;patchtst_global;BISVP;all;all;0.15;0.0183342;0.22189349;0.00275013;0.03328402;1.0;0.0;1.0
always_transformer;2020-03-31;2019-12-31;patchtst_global;patchtst_global;CNTLP;all;all;0.06593365;0.0178668;0.83879093;0.00117802;0.05530455;1.0;0.0;1.0
always_transformer;2020-03-31;2019-12-31;patchtst_global;patchtst_global;DIOD;all;all;0.01790369;0.01521756;0.16260163;0.00027245;0.00291117;1.0;0.0;1.0
always_transformer;2020-03-31;2019-12-31;patchtst_global;patchtst_global;DZRDP;all;all;0.15;0.01421303;0.14184397;0.00213195;0.0212766;1.0;0.0;1.0
always_transformer;2020-03-31;2019-12-31;patchtst_global;patchtst_global;KCHEP;all;all;0.15;0.02008794;0.12852665;0.00301319;0.019279;1.0;0.0;1.0
always_transformer;2020-03-31;2019-12-31;patchtst_global;patchtst_global;LVHK;all;all;0.0131339;0.01255973;0.0867526;0.00016496;0.0011394;1.0;0.0;1.0
always_transformer;2020-03-31;2019-12-31;patchtst_global;patchtst_global;MISBP;all;all;0.09111158;0.01372991;0.12244898;0.00125095;0.01115652;1.0;0.0;1.0
always_transformer;2020-03-31;2019-12-31;patchtst_global;patchtst_global;RTSBP;all;all;0.139803;0.01684753;0.2406639;0.00235534;0.03364553;1.0;0.0;1.0
always_transformer;2020-03-31;2019-12-31;patchtst_global;patchtst_global;TASBP;all;all;0.07211419;0.01192949;0.85309278;0.00086029;0.06152009;1.0;0.0;1.0
always_transformer;2020-03-31;2019-12-31;patchtst_global;patchtst_global;TRNFP;all;all;0.15;0.03020435;-0.09204738;0.00453065;-0.01380711;1.0;0.0;1.0
selector_rule_based;2020-03-31;2019-12-31;patchtst_global;patchtst_global;BISVP;all;all;0.15;0.0183342;0.22189349;0.00275013;0.03328402;1.0;0.0;1.0
selector_rule_based;2020-03-31;2019-12-31;patchtst_global;patchtst_global;CNTLP;all;all;0.06593365;0.0178668;0.83879093;0.00117802;0.05530455;1.0;0.0;1.0
selector_rule_based;2020-03-31;2019-12-31;patchtst_global;patchtst_global;DIOD;all;all;0.01790369;0.01521756;0.16260163;0.00027245;0.00291117;1.0;0.0;1.0
selector_rule_based;2020-03-31;2019-12-31;patchtst_global;patchtst_global;DZRDP;all;all;0.15;0.01421303;0.14184397;0.00213195;0.0212766;1.0;0.0;1.0
selector_rule_based;2020-03-31;2019-12-31;patchtst_global;patchtst_global;KCHEP;all;all;0.15;0.02008794;0.12852665;0.00301319;0.019279;1.0;0.0;1.0
selector_rule_based;2020-03-31;2019-12-31;patchtst_global;patchtst_global;LVHK;all;all;0.0131339;0.01255973;0.0867526;0.00016496;0.0011394;1.0;0.0;1.0
selector_rule_based;2020-03-31;2019-12-31;patchtst_global;patchtst_global;MISBP;all;all;0.09111158;0.01372991;0.12244898;0.00125095;0.01115652;1.0;0.0;1.0
selector_rule_based;2020-03-31;2019-12-31;patchtst_global;patchtst_global;RTSBP;all;all;0.139803;0.01684753;0.2406639;0.00235534;0.03364553;1.0;0.0;1.0
selector_rule_based;2020-03-31;2019-12-31;patchtst_global;patchtst_global;TASBP;all;all;0.07211419;0.01192949;0.85309278;0.00086029;0.06152009;1.0;0.0;1.0
selector_rule_based;2020-03-31;2019-12-31;patchtst_global;patchtst_global;TRNFP;all;all;0.15;0.03020435;-0.09204738;0.00453065;-0.01380711;1.0;0.0;1.0
selector_composite;2020-03-31;2019-12-31;elastic_net;elastic_net;CBOM;all;all;0.15;0.10799938;0.01528662;0.01619991;0.00229299;1.0;0.0;1.0
selector_composite;2020-03-31;2019-12-31;elastic_net;elastic_net;GCHE;all;all;0.01433186;0.09980469;-0.05412573;0.00143039;-0.00077572;1.0;0.0;1.0
selector_composite;2020-03-31;2019-12-31;elastic_net;elastic_net;GMKN;all;all;0.15;0.10692948;-0.04166524;0.01603942;-0.00624979;1.0;0.0;1.0
selector_composite;2020-03-31;2019-12-31;elastic_net;elastic_net;MGNT;all;all;0.09140803;0.10574737;0.30917702;0.00966616;0.02826126;1.0;0.0;1.0
selector_composite;2020-03-31;2019-12-31;elastic_net;elastic_net;PHOR;all;all;0.15;0.11870366;0.07261133;0.01780555;0.0108917;1.0;0.0;1.0
selector_composite;2020-03-31;2019-12-31;elastic_net;elastic_net;PIKK;all;all;0.09514423;0.10157406;0.03658537;0.00966419;0.00348089;1.0;0.0;1.0
selector_composite;2020-03-31;2019-12-31;elastic_net;elastic_net;RTKM;all;all;0.0302963;0.10245932;0.18513514;0.00310414;0.00560891;1.0;0.0;1.0
selector_composite;2020-03-31;2019-12-31;elastic_net;elastic_net;RTKMP;all;all;0.01881958;0.10215166;0.21101629;0.00192245;0.00397124;1.0;0.0;1.0
selector_composite;2020-03-31;2019-12-31;elastic_net;elastic_net;SNGSP;all;all;0.15;0.1227015;-0.06715426;0.01840522;-0.01007314;1.0;0.0;1.0
selector_composite;2020-03-31;2019-12-31;elastic_net;elastic_net;UPRO;all;all;0.15;0.10507531;0.1263662;0.0157613;0.01895493;1.0;0.0;1.0
always_linear;2020-06-30;2020-03-31;ridge;ridge;AMEZ;all;all;0.0977634;0.01821653;0.13602941;0.00178091;0.0132987;0.0;0.0;1.0
always_linear;2020-06-30;2020-03-31;ridge;ridge;DIOD;all;all;0.15;0.02599535;0.42552448;0.0038993;0.06382867;0.0;0.0;1.0
always_linear;2020-06-30;2020-03-31;ridge;ridge;GEMA;all;all;0.10877609;0.01908634;-0.01191823;0.00207614;-0.00129642;0.0;0.0;1.0
always_linear;2020-06-30;2020-03-31;ridge;ridge;HIMCP;all;all;0.11489903;0.01818007;0.357022;0.00208887;0.04102148;0.0;0.0;1.0
always_linear;2020-06-30;2020-03-31;ridge;ridge;KAZTP;all;all;0.0075035;0.0160982;0.02574526;0.00012079;0.00019318;0.0;0.0;1.0
always_linear;2020-06-30;2020-03-31;ridge;ridge;LNZLP;all;all;0.00155753;0.01951249;0.10259455;3.039e-05;0.00015979;0.0;0.0;1.0
always_linear;2020-06-30;2020-03-31;ridge;ridge;PMSBP;all;all;0.15;0.01780154;0.00460829;0.00267023;0.00069124;0.0;0.0;1.0
always_linear;2020-06-30;2020-03-31;ridge;ridge;RLMN;all;all;0.0284743;0.01674927;-0.06666667;0.00047692;-0.00189829;0.0;0.0;1.0
always_linear;2020-06-30;2020-03-31;ridge;ridge;SAREP;all;all;0.08523137;0.01617903;0.24229075;0.00137896;0.02065077;0.0;0.0;1.0
always_linear;2020-06-30;2020-03-31;ridge;ridge;TGKBP;all;all;0.03724941;0.01462149;-0.01687764;0.00054464;-0.00062868;0.0;0.0;1.0
always_linear;2020-06-30;2020-03-31;ridge;ridge;TORSP;all;all;0.06854535;0.0147661;0.07047619;0.00101215;0.00483082;0.0;0.0;1.0
always_linear;2020-06-30;2020-03-31;ridge;ridge;TRNFP;all;all;0.15;0.01983813;0.10100634;0.00297572;0.01515095;0.0;0.0;1.0
always_transformer;2020-06-30;2020-03-31;patchtst_global;patchtst_global;ARSA;all;all;0.15;0.12884288;0.19526505;0.01932643;0.02928976;0.0;0.0;1.0
always_transformer;2020-06-30;2020-03-31;patchtst_global;patchtst_global;DASB;all;all;0.10028204;0.09880528;-0.07860262;0.0099084;-0.00788243;0.0;0.0;1.0
always_transformer;2020-06-30;2020-03-31;patchtst_global;patchtst_global;IGSTP;all;all;0.15;0.15025982;0.25748503;0.02253897;0.03862275;0.0;0.0;1.0
always_transformer;2020-06-30;2020-03-31;patchtst_global;patchtst_global;KCHEP;all;all;0.15;0.10304977;0.05555556;0.01545747;0.00833333;0.0;0.0;1.0
always_transformer;2020-06-30;2020-03-31;patchtst_global;patchtst_global;LSNGP;all;all;0.13723056;0.09411087;-0.01196636;0.01291489;-0.00164215;0.0;0.0;1.0
always_transformer;2020-06-30;2020-03-31;patchtst_global;patchtst_global;RTSBP;all;all;0.15;0.09408488;0.64214047;0.01411273;0.09632107;0.0;0.0;1.0
always_transformer;2020-06-30;2020-03-31;patchtst_global;patchtst_global;SAGOP;all;all;0.06984364;0.09546281;0.14074074;0.00666747;0.00982985;0.0;0.0;1.0
always_transformer;2020-06-30;2020-03-31;patchtst_global;patchtst_global;VGSB;all;all;0.06416279;0.11508993;1.28581775;0.00738449;0.08250165;0.0;0.0;1.0
always_transformer;2020-06-30;2020-03-31;patchtst_global;patchtst_global;VSYDP;all;all;0.02848098;0.09183533;-0.04477612;0.00261556;-0.00127527;0.0;0.0;1.0
selector_rule_based;2020-06-30;2020-03-31;patchtst_global;patchtst_global;ARSA;all;all;0.15;0.12884288;0.19526505;0.01932643;0.02928976;0.0;0.0;1.0
selector_rule_based;2020-06-30;2020-03-31;patchtst_global;patchtst_global;DASB;all;all;0.10028204;0.09880528;-0.07860262;0.0099084;-0.00788243;0.0;0.0;1.0
selector_rule_based;2020-06-30;2020-03-31;patchtst_global;patchtst_global;IGSTP;all;all;0.15;0.15025982;0.25748503;0.02253897;0.03862275;0.0;0.0;1.0
selector_rule_based;2020-06-30;2020-03-31;patchtst_global;patchtst_global;KCHEP;all;all;0.15;0.10304977;0.05555556;0.01545747;0.00833333;0.0;0.0;1.0
selector_rule_based;2020-06-30;2020-03-31;patchtst_global;patchtst_global;LSNGP;all;all;0.13723056;0.09411087;-0.01196636;0.01291489;-0.00164215;0.0;0.0;1.0
selector_rule_based;2020-06-30;2020-03-31;patchtst_global;patchtst_global;RTSBP;all;all;0.15;0.09408488;0.64214047;0.01411273;0.09632107;0.0;0.0;1.0
selector_rule_based;2020-06-30;2020-03-31;patchtst_global;patchtst_global;SAGOP;all;all;0.06984364;0.09546281;0.14074074;0.00666747;0.00982985;0.0;0.0;1.0
selector_rule_based;2020-06-30;2020-03-31;patchtst_global;patchtst_global;VGSB;all;all;0.06416279;0.11508993;1.28581775;0.00738449;0.08250165;0.0;0.0;1.0
selector_rule_based;2020-06-30;2020-03-31;patchtst_global;patchtst_global;VSYDP;all;all;0.02848098;0.09183533;-0.04477612;0.00261556;-0.00127527;0.0;0.0;1.0
selector_composite;2020-06-30;2020-03-31;catboost_lags_regimes;catboost_lags_regimes;KAZTP;all;all;0.04736362;0.10758477;0.02574526;0.0050956;0.00121939;0.0;0.0;1.0
selector_composite;2020-06-30;2020-03-31;catboost_lags_regimes;catboost_lags_regimes;KBSB;all;all;0.10411384;0.12807168;-0.27100271;0.01333403;-0.02821513;0.0;0.0;1.0
selector_composite;2020-06-30;2020-03-31;catboost_lags_regimes;catboost_lags_regimes;KCHEP;all;all;0.15;0.17482915;0.05555556;0.02622437;0.00833333;0.0;0.0;1.0
selector_composite;2020-06-30;2020-03-31;catboost_lags_regimes;catboost_lags_regimes;KTSBP;all;all;0.15;0.13841552;0.11180124;0.02076233;0.01677019;0.0;0.0;1.0
selector_composite;2020-06-30;2020-03-31;catboost_lags_regimes;catboost_lags_regimes;MISBP;all;all;0.15;0.23341563;0.16486098;0.03501234;0.02472915;0.0;0.0;1.0
selector_composite;2020-06-30;2020-03-31;catboost_lags_regimes;catboost_lags_regimes;RTSBP;all;all;0.15;0.14042815;0.64214047;0.02106422;0.09632107;0.0;0.0;1.0
selector_composite;2020-06-30;2020-03-31;catboost_lags_regimes;catboost_lags_regimes;STSBP;all;all;0.15;0.13846638;0.21291966;0.02076996;0.03193795;0.0;0.0;1.0
selector_composite;2020-06-30;2020-03-31;catboost_lags_regimes;catboost_lags_regimes;YRSBP;all;all;0.09852254;0.13595183;-0.01724138;0.01339432;-0.00169866;0.0;0.0;1.0
always_linear;2020-09-30;2020-06-30;ridge;ridge;JNOSP;all;all;0.15;0.09737975;-0.01862464;0.01460696;-0.0027937;0.0;0.0;0.0
always_linear;2020-09-30;2020-06-30;ridge;ridge;KAZTP;all;all;0.11456897;0.10206965;0.00264201;0.01169402;0.00030269;0.0;0.0;0.0
always_linear;2020-09-30;2020-06-30;ridge;ridge;KCHEP;all;all;0.15;0.10475507;-0.06315789;0.01571326;-0.00947368;0.0;0.0;0.0
always_linear;2020-09-30;2020-06-30;ridge;ridge;KTSBP;all;all;0.11817668;0.09995845;0.02979516;0.01181276;0.00352109;0.0;0.0;0.0
always_linear;2020-09-30;2020-06-30;ridge;ridge;NKSH;all;all;0.04291572;0.08988739;-0.03856502;0.00385758;-0.00165505;0.0;0.0;0.0
always_linear;2020-09-30;2020-06-30;ridge;ridge;ROST;all;all;0.14386434;0.0922349;0.05610561;0.01326931;0.0080716;0.0;0.0;0.0
always_linear;2020-09-30;2020-06-30;ridge;ridge;RUSP;all;all;0.15;0.08862461;0.17113565;0.01329369;0.02567035;0.0;0.0;0.0
always_linear;2020-09-30;2020-06-30;ridge;ridge;TGKDP;all;all;0.11009191;0.09489163;-0.028451;0.0104468;-0.00313223;0.0;0.0;0.0
always_linear;2020-09-30;2020-06-30;ridge;ridge;WTCMP;all;all;0.02038238;0.10255951;0.02716049;0.00209041;0.0005536;0.0;0.0;0.0
always_transformer;2020-09-30;2020-06-30;patchtst_global;patchtst_global;DZRD;all;all;0.15;0.13768226;-0.00243309;0.02065234;-0.00036496;0.0;0.0;0.0
always_transformer;2020-09-30;2020-06-30;patchtst_global;patchtst_global;KAZTP;all;all;0.07430888;0.12756053;0.00264201;0.00947888;0.00019632;0.0;0.0;0.0
always_transformer;2020-09-30;2020-06-30;patchtst_global;patchtst_global;KCHEP;all;all;0.15;0.16061202;-0.06315789;0.0240918;-0.00947368;0.0;0.0;0.0
always_transformer;2020-09-30;2020-06-30;patchtst_global;patchtst_global;LVHK;all;all;0.07313037;0.12919897;-0.02962085;0.00944837;-0.00216618;0.0;0.0;0.0
always_transformer;2020-09-30;2020-06-30;patchtst_global;patchtst_global;MISB;all;all;0.11009965;0.1377747;0.04878049;0.01516895;0.00537071;0.0;0.0;0.0
always_transformer;2020-09-30;2020-06-30;patchtst_global;patchtst_global;SAGOP;all;all;0.15;0.14517459;-0.04329004;0.02177619;-0.00649351;0.0;0.0;0.0
always_transformer;2020-09-30;2020-06-30;patchtst_global;patchtst_global;VRSBP;all;all;0.08050467;0.12107655;-0.04395604;0.00974723;-0.00353867;0.0;0.0;0.0
always_transformer;2020-09-30;2020-06-30;patchtst_global;patchtst_global;WTCMP;all;all;0.11330542;0.14808619;0.02716049;0.01677897;0.00307743;0.0;0.0;0.0
always_transformer;2020-09-30;2020-06-30;patchtst_global;patchtst_global;YRSB;all;all;0.09865102;0.15741842;-0.02409639;0.01552949;-0.00237713;0.0;0.0;0.0
selector_rule_based;2020-09-30;2020-06-30;ridge;ridge;JNOSP;all;all;0.15;0.09737975;-0.01862464;0.01460696;-0.0027937;0.0;0.0;0.0
selector_rule_based;2020-09-30;2020-06-30;ridge;ridge;KAZTP;all;all;0.11456897;0.10206965;0.00264201;0.01169402;0.00030269;0.0;0.0;0.0
selector_rule_based;2020-09-30;2020-06-30;ridge;ridge;KCHEP;all;all;0.15;0.10475507;-0.06315789;0.01571326;-0.00947368;0.0;0.0;0.0
selector_rule_based;2020-09-30;2020-06-30;ridge;ridge;KTSBP;all;all;0.11817668;0.09995845;0.02979516;0.01181276;0.00352109;0.0;0.0;0.0
selector_rule_based;2020-09-30;2020-06-30;ridge;ridge;NKSH;all;all;0.04291572;0.08988739;-0.03856502;0.00385758;-0.00165505;0.0;0.0;0.0
selector_rule_based;2020-09-30;2020-06-30;ridge;ridge;ROST;all;all;0.14386434;0.0922349;0.05610561;0.01326931;0.0080716;0.0;0.0;0.0
selector_rule_based;2020-09-30;2020-06-30;ridge;ridge;RUSP;all;all;0.15;0.08862461;0.17113565;0.01329369;0.02567035;0.0;0.0;0.0
selector_rule_based;2020-09-30;2020-06-30;ridge;ridge;TGKDP;all;all;0.11009191;0.09489163;-0.028451;0.0104468;-0.00313223;0.0;0.0;0.0
selector_rule_based;2020-09-30;2020-06-30;ridge;ridge;WTCMP;all;all;0.02038238;0.10255951;0.02716049;0.00209041;0.0005536;0.0;0.0;0.0
selector_composite;2020-09-30;2020-06-30;elastic_net;elastic_net;JNOSP;all;all;0.15;0.09620306;-0.01862464;0.01443046;-0.0027937;0.0;0.0;0.0
selector_composite;2020-09-30;2020-06-30;elastic_net;elastic_net;KAZTP;all;all;0.08422399;0.09586679;0.00264201;0.00807428;0.00022252;0.0;0.0;0.0
selector_composite;2020-09-30;2020-06-30;elastic_net;elastic_net;KCHEP;all;all;0.15;0.10747227;-0.06315789;0.01612084;-0.00947368;0.0;0.0;0.0
selector_composite;2020-09-30;2020-06-30;elastic_net;elastic_net;KTSBP;all;all;0.09172535;0.09436006;0.02979516;0.00865521;0.00273297;0.0;0.0;0.0
selector_composite;2020-09-30;2020-06-30;elastic_net;elastic_net;LVHK;all;all;0.00577771;0.0950907;-0.02962085;0.00054941;-0.00017114;0.0;0.0;0.0
selector_composite;2020-09-30;2020-06-30;elastic_net;elastic_net;NKSH;all;all;0.04580129;0.08854785;-0.03856502;0.00405561;-0.00176633;0.0;0.0;0.0
selector_composite;2020-09-30;2020-06-30;elastic_net;elastic_net;ROST;all;all;0.12679218;0.08655776;0.05610561;0.01097485;0.00711375;0.0;0.0;0.0
selector_composite;2020-09-30;2020-06-30;elastic_net;elastic_net;RUSP;all;all;0.15;0.09059061;0.17113565;0.01358859;0.02567035;0.0;0.0;0.0
selector_composite;2020-09-30;2020-06-30;elastic_net;elastic_net;TGKDP;all;all;0.10889437;0.09235181;-0.028451;0.01005659;-0.00309815;0.0;0.0;0.0
selector_composite;2020-09-30;2020-06-30;elastic_net;elastic_net;WTCMP;all;all;0.08678511;0.10717072;0.02716049;0.00930082;0.00235713;0.0;0.0;0.0
always_linear;2020-12-31;2020-09-30;ridge;ridge;JNOSP;all;all;0.0676557;0.10060535;0.02043796;0.00680652;0.00138274;1.0;0.0;0.0
always_linear;2020-12-31;2020-09-30;ridge;ridge;KAZTP;all;all;0.03549912;0.10630707;0.28458498;0.00377381;0.01010252;1.0;0.0;0.0
always_linear;2020-12-31;2020-09-30;ridge;ridge;KGKCP;all;all;0.15;0.10035922;0.0019802;0.01505388;0.00029703;1.0;0.0;0.0
always_linear;2020-12-31;2020-09-30;ridge;ridge;KOGK;all;all;0.1317385;0.10165068;-0.11313869;0.01339131;-0.01490472;1.0;0.0;0.0
always_linear;2020-12-31;2020-09-30;ridge;ridge;KTSBP;all;all;0.07167244;0.10366178;-0.02531646;0.00742969;-0.00181449;1.0;0.0;0.0
always_linear;2020-12-31;2020-09-30;ridge;ridge;LSNGP;all;all;0.15;0.10200193;0.0078534;0.01530029;0.00117801;1.0;0.0;0.0
always_linear;2020-12-31;2020-09-30;ridge;ridge;ROST;all;all;0.15;0.10164436;0.090625;0.01524665;0.01359375;1.0;0.0;0.0
always_linear;2020-12-31;2020-09-30;ridge;ridge;SAGOP;all;all;0.03748999;0.09881081;0.10859729;0.00370442;0.00407131;1.0;0.0;0.0
always_linear;2020-12-31;2020-09-30;ridge;ridge;TGKDP;all;all;0.05594425;0.09623226;-0.04013015;0.00538364;-0.00224505;1.0;0.0;0.0
always_linear;2020-12-31;2020-09-30;ridge;ridge;WTCMP;all;all;0.15;0.1105379;0.20673077;0.01658068;0.03100962;1.0;0.0;0.0
always_transformer;2020-12-31;2020-09-30;patchtst_global;patchtst_global;ABRD;all;all;0.05266066;0.15684976;0.0575;0.00825981;0.00302799;1.0;0.0;0.0
always_transformer;2020-12-31;2020-09-30;patchtst_global;patchtst_global;BLNG;all;all;0.02239732;0.17027305;0.17620311;0.00381366;0.00394648;1.0;0.0;0.0
always_transformer;2020-12-31;2020-09-30;patchtst_global;patchtst_global;CHMK;all;all;0.15;0.19275971;0.12387792;0.02891396;0.01858169;1.0;0.0;0.0
always_transformer;2020-12-31;2020-09-30;patchtst_global;patchtst_global;GAZA;all;all;0.03044115;0.17205914;0.17054264;0.00523768;0.00519151;1.0;0.0;0.0
always_transformer;2020-12-31;2020-09-30;patchtst_global;patchtst_global;KAZT;all;all;0.15;0.18891641;0.21923077;0.02833746;0.03288462;1.0;0.0;0.0
always_transformer;2020-12-31;2020-09-30;patchtst_global;patchtst_global;KOGK;all;all;0.15;0.19960627;-0.11313869;0.02994094;-0.0169708;1.0;0.0;0.0
always_transformer;2020-12-31;2020-09-30;patchtst_global;patchtst_global;MGTS;all;all;0.15;0.17745923;0.03348214;0.02661889;0.00502232;1.0;0.0;0.0
always_transformer;2020-12-31;2020-09-30;patchtst_global;patchtst_global;UCSS;all;all;0.03093529;0.19671608;-0.19858156;0.00608547;-0.00614318;1.0;0.0;0.0
always_transformer;2020-12-31;2020-09-30;patchtst_global;patchtst_global;USBN;all;all;0.11356557;0.17545475;0.11532847;0.01992562;0.01309734;1.0;0.0;0.0
always_transformer;2020-12-31;2020-09-30;patchtst_global;patchtst_global;UTAR;all;all;0.15;0.17507756;0.03134328;0.02626163;0.00470149;1.0;0.0;0.0
selector_rule_based;2020-12-31;2020-09-30;catboost_lags_regimes;catboost_lags_regimes;DZRD;all;all;0.15;0.06615741;0.07560976;0.00992361;0.01134146;1.0;0.0;0.0
selector_rule_based;2020-12-31;2020-09-30;catboost_lags_regimes;catboost_lags_regimes;KRKNP;all;all;0.12756917;0.05528857;0.00790514;0.00705312;0.00100845;1.0;0.0;0.0
selector_rule_based;2020-12-31;2020-09-30;catboost_lags_regimes;catboost_lags_regimes;KROTP;all;all;0.15;0.08849884;0.30056711;0.01327483;0.04508507;1.0;0.0;0.0
selector_rule_based;2020-12-31;2020-09-30;catboost_lags_regimes;catboost_lags_regimes;SFIN;all;all;0.01684897;0.04332106;-0.00648824;0.00072992;-0.00010932;1.0;0.0;0.0
selector_rule_based;2020-12-31;2020-09-30;catboost_lags_regimes;catboost_lags_regimes;TGKBP;all;all;0.13253121;0.05548494;0.03374233;0.00735349;0.00447191;1.0;0.0;0.0
selector_rule_based;2020-12-31;2020-09-30;catboost_lags_regimes;catboost_lags_regimes;TGKN;all;all;0.15;0.04964688;0.01351351;0.00744703;0.00202703;1.0;0.0;0.0
selector_rule_based;2020-12-31;2020-09-30;catboost_lags_regimes;catboost_lags_regimes;TORS;all;all;0.1392338;0.08722265;-0.07512953;0.01214434;-0.01046057;1.0;0.0;0.0
selector_rule_based;2020-12-31;2020-09-30;catboost_lags_regimes;catboost_lags_regimes;WTCMP;all;all;0.0520836;0.05937965;0.20673077;0.00309271;0.01076728;1.0;0.0;0.0
selector_rule_based;2020-12-31;2020-09-30;catboost_lags_regimes;catboost_lags_regimes;YRSB;all;all;0.08173326;0.09609194;0.38271605;0.00785391;0.03128063;1.0;0.0;0.0
selector_composite;2020-12-31;2020-09-30;catboost_lags_regimes;catboost_lags_regimes;DZRD;all;all;0.15;0.06615741;0.07560976;0.00992361;0.01134146;1.0;0.0;0.0
selector_composite;2020-12-31;2020-09-30;catboost_lags_regimes;catboost_lags_regimes;KRKNP;all;all;0.12756917;0.05528857;0.00790514;0.00705312;0.00100845;1.0;0.0;0.0
selector_composite;2020-12-31;2020-09-30;catboost_lags_regimes;catboost_lags_regimes;KROTP;all;all;0.15;0.08849884;0.30056711;0.01327483;0.04508507;1.0;0.0;0.0
selector_composite;2020-12-31;2020-09-30;catboost_lags_regimes;catboost_lags_regimes;SFIN;all;all;0.01684897;0.04332106;-0.00648824;0.00072992;-0.00010932;1.0;0.0;0.0
selector_composite;2020-12-31;2020-09-30;catboost_lags_regimes;catboost_lags_regimes;TGKBP;all;all;0.13253121;0.05548494;0.03374233;0.00735349;0.00447191;1.0;0.0;0.0
selector_composite;2020-12-31;2020-09-30;catboost_lags_regimes;catboost_lags_regimes;TGKN;all;all;0.15;0.04964688;0.01351351;0.00744703;0.00202703;1.0;0.0;0.0
selector_composite;2020-12-31;2020-09-30;catboost_lags_regimes;catboost_lags_regimes;TORS;all;all;0.1392338;0.08722265;-0.07512953;0.01214434;-0.01046057;1.0;0.0;0.0
selector_composite;2020-12-31;2020-09-30;catboost_lags_regimes;catboost_lags_regimes;WTCMP;all;all;0.0520836;0.05937965;0.20673077;0.00309271;0.01076728;1.0;0.0;0.0
selector_composite;2020-12-31;2020-09-30;catboost_lags_regimes;catboost_lags_regimes;YRSB;all;all;0.08173326;0.09609194;0.38271605;0.00785391;0.03128063;1.0;0.0;0.0
always_linear;2021-03-31;2020-12-31;ridge;ridge;ARSA;all;all;0.1223086;0.08405473;0.57323232;0.01028062;0.07011124;1.0;0.0;0.0
always_linear;2021-03-31;2020-12-31;ridge;ridge;GAZAP;all;all;0.15;0.09893236;0.15702479;0.01483985;0.02355372;1.0;0.0;0.0
always_linear;2021-03-31;2020-12-31;ridge;ridge;KGKCP;all;all;0.1332218;0.08628216;0.06719368;0.01149466;0.00895166;1.0;0.0;0.0
always_linear;2021-03-31;2020-12-31;ridge;ridge;KRKNP;all;all;0.05306823;0.09091839;0.07712418;0.00482488;0.00409284;1.0;0.0;0.0
always_linear;2021-03-31;2020-12-31;ridge;ridge;KUZB;all;all;0.05789203;0.09079416;0.62784934;0.00525626;0.03634748;1.0;0.0;0.0
always_linear;2021-03-31;2020-12-31;ridge;ridge;MRKZ;all;all;0.00470271;0.08417795;-0.0713615;0.00039586;-0.00033559;1.0;0.0;0.0
always_linear;2021-03-31;2020-12-31;ridge;ridge;PMSBP;all;all;0.15;0.08855774;0.11699644;0.01328366;0.01754947;1.0;0.0;0.0
always_linear;2021-03-31;2020-12-31;ridge;ridge;RBCM;all;all;0.02880663;0.09134915;0.04196978;0.00263146;0.00120901;1.0;0.0;0.0
always_linear;2021-03-31;2020-12-31;ridge;ridge;ROST;all;all;0.15;0.10078445;-0.03151862;0.01511767;-0.00472779;1.0;0.0;0.0
always_linear;2021-03-31;2020-12-31;ridge;ridge;RUSI;all;all;0.15;0.09043667;0.55470738;0.0135655;0.08320611;1.0;0.0;0.0
always_transformer;2021-03-31;2020-12-31;patchtst_global;patchtst_global;ARSA;all;all;0.15;0.12183847;0.57323232;0.01827577;0.08598485;1.0;0.0;0.0
always_transformer;2021-03-31;2020-12-31;patchtst_global;patchtst_global;DZRD;all;all;0.15;0.12290188;-0.01814059;0.01843528;-0.00272109;1.0;0.0;0.0
always_transformer;2021-03-31;2020-12-31;patchtst_global;patchtst_global;GAZAP;all;all;0.02104897;0.10525428;0.15702479;0.00221549;0.00330521;1.0;0.0;0.0
always_transformer;2021-03-31;2020-12-31;patchtst_global;patchtst_global;IGSTP;all;all;0.09465481;0.12732837;0.07768053;0.01205224;0.00735284;1.0;0.0;0.0
always_transformer;2021-03-31;2020-12-31;patchtst_global;patchtst_global;KCHEP;all;all;0.15;0.11181438;0.27423823;0.01677216;0.04113573;1.0;0.0;0.0
always_transformer;2021-03-31;2020-12-31;patchtst_global;patchtst_global;KGKCP;all;all;0.15;0.10006312;0.06719368;0.01500947;0.01007905;1.0;0.0;0.0
always_transformer;2021-03-31;2020-12-31;patchtst_global;patchtst_global;LPSB;all;all;0.11926565;0.11445354;0.01190476;0.01365038;0.00141983;1.0;0.0;0.0
always_transformer;2021-03-31;2020-12-31;patchtst_global;patchtst_global;NNSBP;all;all;0.00048007;0.11502847;0.22571001;5.522e-05;0.00010836;1.0;0.0;0.0
always_transformer;2021-03-31;2020-12-31;patchtst_global;patchtst_global;SAGOP;all;all;0.15;0.11425194;0.19387755;0.01713779;0.02908163;1.0;0.0;0.0
always_transformer;2021-03-31;2020-12-31;patchtst_global;patchtst_global;WTCMP;all;all;0.01455051;0.10499151;-0.07432355;0.00152768;-0.00108145;1.0;0.0;0.0
selector_rule_based;2021-03-31;2020-12-31;catboost_lags_regimes;catboost_lags_regimes;GAZP;all;all;0.08124352;0.05343374;0.24009857;0.00434114;0.01950645;1.0;0.0;0.0
selector_rule_based;2021-03-31;2020-12-31;catboost_lags_regimes;catboost_lags_regimes;GMKN;all;all;0.13314988;0.04931255;0.04715017;0.00656596;0.00627804;1.0;0.0;0.0
selector_rule_based;2021-03-31;2020-12-31;catboost_lags_regimes;catboost_lags_regimes;KRKN;all;all;0.02076791;0.06791516;-0.09407666;0.00141046;-0.00195378;1.0;0.0;0.0
selector_rule_based;2021-03-31;2020-12-31;catboost_lags_regimes;catboost_lags_regimes;KRKNP;all;all;0.15;0.0752148;0.07712418;0.01128222;0.01156863;1.0;0.0;0.0
selector_rule_based;2021-03-31;2020-12-31;catboost_lags_regimes;catboost_lags_regimes;MSTT;all;all;0.1097559;0.06998622;-0.06994938;0.0076814;-0.00767736;1.0;0.0;0.0
selector_rule_based;2021-03-31;2020-12-31;catboost_lags_regimes;catboost_lags_regimes;RTSBP;all;all;0.14227575;0.07445133;-0.09202454;0.01059262;-0.01309286;1.0;0.0;0.0
selector_rule_based;2021-03-31;2020-12-31;catboost_lags_regimes;catboost_lags_regimes;SAGO;all;all;0.04305062;0.0558192;0.13780919;0.00240305;0.00593277;1.0;0.0;0.0
selector_rule_based;2021-03-31;2020-12-31;catboost_lags_regimes;catboost_lags_regimes;SBER;all;all;0.08540062;0.05667567;0.1180088;0.00484014;0.01007802;1.0;0.0;0.0
selector_rule_based;2021-03-31;2020-12-31;catboost_lags_regimes;catboost_lags_regimes;SMLT;all;all;0.15;0.04758092;0.33487778;0.00713714;0.05023167;1.0;0.0;0.0
selector_rule_based;2021-03-31;2020-12-31;catboost_lags_regimes;catboost_lags_regimes;YRSB;all;all;0.08435579;0.06712585;-0.04464286;0.00566245;-0.00376588;1.0;0.0;0.0
selector_composite;2021-03-31;2020-12-31;elastic_net;elastic_net;CHMK;all;all;0.14673362;0.06988065;0.22044728;0.01025384;0.03234703;1.0;0.0;0.0
selector_composite;2021-03-31;2020-12-31;elastic_net;elastic_net;KMAZ;all;all;0.13882528;0.06752651;0.11617063;0.00937439;0.01612742;1.0;0.0;0.0
selector_composite;2021-03-31;2020-12-31;elastic_net;elastic_net;LPSB;all;all;0.01685773;0.06253705;0.01190476;0.00105423;0.00020069;1.0;0.0;0.0
selector_composite;2021-03-31;2020-12-31;elastic_net;elastic_net;NKSH;all;all;0.05102781;0.0623874;0.09228039;0.00318349;0.00470887;1.0;0.0;0.0
selector_composite;2021-03-31;2020-12-31;elastic_net;elastic_net;PMSB;all;all;0.03611967;0.06878085;0.24083681;0.00248434;0.00869895;1.0;0.0;0.0
selector_composite;2021-03-31;2020-12-31;elastic_net;elastic_net;PMSBP;all;all;0.15;0.06816478;0.11699644;0.01022472;0.01754947;1.0;0.0;0.0
selector_composite;2021-03-31;2020-12-31;elastic_net;elastic_net;ROST;all;all;0.15;0.07038278;-0.03151862;0.01055742;-0.00472779;1.0;0.0;0.0
selector_composite;2021-03-31;2020-12-31;elastic_net;elastic_net;RUSI;all;all;0.0265543;0.06596232;0.55470738;0.00175158;0.01472987;1.0;0.0;0.0
selector_composite;2021-03-31;2020-12-31;elastic_net;elastic_net;TGKB;all;all;0.05832624;0.06273396;0.01237624;0.00365904;0.00072186;1.0;0.0;0.0
selector_composite;2021-03-31;2020-12-31;elastic_net;elastic_net;UPRO;all;all;0.15;0.07057293;-0.0229815;0.01058594;-0.00344723;1.0;0.0;0.0
selector_composite;2021-03-31;2020-12-31;elastic_net;elastic_net;USBN;all;all;0.07555535;0.06408482;0.19764398;0.00484195;0.01493306;1.0;0.0;0.0
always_linear;2021-06-30;2021-03-31;ridge;ridge;DZRDP;all;all;0.10575718;0.08208833;0.01764706;0.00868143;0.0018663;1.0;0.0;0.0
always_linear;2021-06-30;2021-03-31;ridge;ridge;GAZAP;all;all;0.15;0.09125897;-0.1229716;0.01368885;-0.01844574;1.0;0.0;0.0
always_linear;2021-06-30;2021-03-31;ridge;ridge;GEMA;all;all;0.15;0.08246881;0.45123726;0.01237032;0.06768559;1.0;0.0;0.0
always_linear;2021-06-30;2021-03-31;ridge;ridge;KGKCP;all;all;0.15;0.0761268;-0.06337506;0.01141902;-0.00950626;1.0;0.0;0.0
always_linear;2021-06-30;2021-03-31;ridge;ridge;KRSBP;all;all;0.02831811;0.08128359;0.00212766;0.0023018;6.025e-05;1.0;0.0;0.0
always_linear;2021-06-30;2021-03-31;ridge;ridge;KTSBP;all;all;0.07188985;0.07504404;0.06825939;0.0053949;0.00490716;1.0;0.0;0.0
always_linear;2021-06-30;2021-03-31;ridge;ridge;NKSH;all;all;0.02327517;0.07195774;0.11535337;0.00167483;0.00268487;1.0;0.0;0.0
always_linear;2021-06-30;2021-03-31;ridge;ridge;PMSBP;all;all;0.15;0.08263484;-0.00912647;0.01239523;-0.00136897;1.0;0.0;0.0
always_linear;2021-06-30;2021-03-31;ridge;ridge;RBCM;all;all;0.02075968;0.08191628;0.06337272;0.00170056;0.0013156;1.0;0.0;0.0
always_linear;2021-06-30;2021-03-31;ridge;ridge;ROST;all;all;0.15;0.0753275;0.09763314;0.01129912;0.01464497;1.0;0.0;0.0
always_transformer;2021-06-30;2021-03-31;patchtst_global;patchtst_global;ALBK;all;all;0.01499502;0.10994692;0.765625;0.00164866;0.01148056;1.0;0.0;0.0
always_transformer;2021-06-30;2021-03-31;patchtst_global;patchtst_global;ARSA;all;all;0.01090861;0.09546033;0.21335725;0.00104134;0.00232743;1.0;0.0;0.0
always_transformer;2021-06-30;2021-03-31;patchtst_global;patchtst_global;GAZAP;all;all;0.15;0.09716438;-0.1229716;0.01457466;-0.01844574;1.0;0.0;0.0
always_transformer;2021-06-30;2021-03-31;patchtst_global;patchtst_global;IGST;all;all;0.10010438;0.11304744;0.06906907;0.01131654;0.00691412;1.0;0.0;0.0
always_transformer;2021-06-30;2021-03-31;patchtst_global;patchtst_global;IGSTP;all;all;0.15;0.1261169;0.0893401;0.01891754;0.01340102;1.0;0.0;0.0
always_transformer;2021-06-30;2021-03-31;patchtst_global;patchtst_global;KGKC;all;all;0.15;0.08753685;-0.03988712;0.01313053;-0.00598307;1.0;0.0;0.0
always_transformer;2021-06-30;2021-03-31;patchtst_global;patchtst_global;KRSB;all;all;0.07686331;0.09388547;-0.02169197;0.00721635;-0.00166732;1.0;0.0;0.0
always_transformer;2021-06-30;2021-03-31;patchtst_global;patchtst_global;LPSB;all;all;0.15;0.09198393;-0.00588235;0.01379759;-0.00088235;1.0;0.0;0.0
always_transformer;2021-06-30;2021-03-31;patchtst_global;patchtst_global;NNSBP;all;all;0.15;0.10521254;0.00609756;0.01578188;0.00091463;1.0;0.0;0.0
always_transformer;2021-06-30;2021-03-31;patchtst_global;patchtst_global;VSYD;all;all;0.04712868;0.0939354;0.04323725;0.00442705;0.00203771;1.0;0.0;0.0
selector_rule_based;2021-06-30;2021-03-31;catboost_lags_regimes;catboost_lags_regimes;CHKZ;all;all;0.03651266;0.07157283;0.05300353;0.00261331;0.0019353;1.0;0.0;0.0
selector_rule_based;2021-06-30;2021-03-31;catboost_lags_regimes;catboost_lags_regimes;ELTZ;all;all;0.04062169;0.09309162;0.05747126;0.00378154;0.00233458;1.0;0.0;0.0
selector_rule_based;2021-06-30;2021-03-31;catboost_lags_regimes;catboost_lags_regimes;KGKCP;all;all;0.15;0.08080297;-0.06337506;0.01212045;-0.00950626;1.0;0.0;0.0
selector_rule_based;2021-06-30;2021-03-31;catboost_lags_regimes;catboost_lags_regimes;KTSBP;all;all;0.01943814;0.08445546;0.06825939;0.00164166;0.00132684;1.0;0.0;0.0
selector_rule_based;2021-06-30;2021-03-31;catboost_lags_regimes;catboost_lags_regimes;MISBP;all;all;0.15;0.09706247;-0.04545455;0.01455937;-0.00681818;1.0;0.0;0.0
selector_rule_based;2021-06-30;2021-03-31;catboost_lags_regimes;catboost_lags_regimes;SARE;all;all;0.15;0.09176031;0.0224359;0.01376405;0.00336538;1.0;0.0;0.0
selector_rule_based;2021-06-30;2021-03-31;catboost_lags_regimes;catboost_lags_regimes;TGKBP;all;all;0.00342751;0.07434116;-0.01969697;0.0002548;-6.751e-05;1.0;0.0;0.0
selector_rule_based;2021-06-30;2021-03-31;catboost_lags_regimes;catboost_lags_regimes;TGKDP;all;all;0.15;0.07205981;0.07724252;0.01080897;0.01158638;1.0;0.0;0.0
selector_rule_based;2021-06-30;2021-03-31;catboost_lags_regimes;catboost_lags_regimes;YKENP;all;all;0.15;0.08701284;-0.08285714;0.01305193;-0.01242857;1.0;0.0;0.0
selector_rule_based;2021-06-30;2021-03-31;catboost_lags_regimes;catboost_lags_regimes;YRSB;all;all;0.15;0.10199607;0.00934579;0.01529941;0.00140187;1.0;0.0;0.0
selector_composite;2021-06-30;2021-03-31;elastic_net;elastic_net;GAZA;all;all;0.05119749;0.05671557;0.05870021;0.00290369;0.0030053;1.0;0.0;0.0
selector_composite;2021-06-30;2021-03-31;elastic_net;elastic_net;HYDR;all;all;0.15;0.06466759;-0.00819194;0.00970014;-0.00122879;1.0;0.0;0.0
selector_composite;2021-06-30;2021-03-31;elastic_net;elastic_net;KGKCP;all;all;0.15;0.0567031;-0.06337506;0.00850547;-0.00950626;1.0;0.0;0.0
selector_composite;2021-06-30;2021-03-31;elastic_net;elastic_net;KMAZ;all;all;0.09780114;0.05984365;0.45606695;0.00585278;0.04460387;1.0;0.0;0.0
selector_composite;2021-06-30;2021-03-31;elastic_net;elastic_net;KZOS;all;all;0.01752929;0.06009326;0.13983871;0.00105339;0.00245127;1.0;0.0;0.0
selector_composite;2021-06-30;2021-03-31;elastic_net;elastic_net;NKSH;all;all;0.08347209;0.05661499;0.11535337;0.00472577;0.00962879;1.0;0.0;0.0
selector_composite;2021-06-30;2021-03-31;elastic_net;elastic_net;PMSBP;all;all;0.15;0.06172809;-0.00912647;0.00925921;-0.00136897;1.0;0.0;0.0
selector_composite;2021-06-30;2021-03-31;elastic_net;elastic_net;ROST;all;all;0.15;0.05859463;0.09763314;0.00878919;0.01464497;1.0;0.0;0.0
selector_composite;2021-06-30;2021-03-31;elastic_net;elastic_net;UPRO;all;all;0.15;0.05874995;-0.0083424;0.00881249;-0.00125136;1.0;0.0;0.0
always_linear;2021-09-30;2021-06-30;ridge;ridge;DZRDP;all;all;0.0849623;0.08774469;-0.05202312;0.00745499;-0.00442;1.0;0.0;0.0
always_linear;2021-09-30;2021-06-30;ridge;ridge;EELT;all;all;0.15;0.07708472;-0.03278689;0.01156271;-0.00491803;1.0;0.0;0.0
always_linear;2021-09-30;2021-06-30;ridge;ridge;GAZAP;all;all;0.04949608;0.08449264;-0.01525659;0.00418205;-0.00075514;1.0;0.0;0.0
always_linear;2021-09-30;2021-06-30;ridge;ridge;IGSTP;all;all;0.09394469;0.09360405;0.99254427;0.0087936;0.09324426;1.0;0.0;0.0
always_linear;2021-09-30;2021-06-30;ridge;ridge;PMSBP;all;all;0.15;0.08246836;-0.04342105;0.01237025;-0.00651316;1.0;0.0;0.0
always_linear;2021-09-30;2021-06-30;ridge;ridge;ROST;all;all;0.14959741;0.07976346;-0.06199461;0.01193241;-0.00927423;1.0;0.0;0.0
always_linear;2021-09-30;2021-06-30;ridge;ridge;SAGO;all;all;0.1194688;0.08269333;0.58378378;0.00987927;0.06974395;1.0;0.0;0.0
always_linear;2021-09-30;2021-06-30;ridge;ridge;SAGOP;all;all;0.15;0.08766577;0.7924812;0.01314987;0.11887218;1.0;0.0;0.0
always_linear;2021-09-30;2021-06-30;ridge;ridge;YRSBP;all;all;0.05253072;0.08264295;-0.01621622;0.00434129;-0.00085185;1.0;0.0;0.0
always_transformer;2021-09-30;2021-06-30;patchtst_global;patchtst_global;ARSA;all;all;0.00101101;0.03739539;0.03415301;3.781e-05;3.453e-05;1.0;0.0;0.0
always_transformer;2021-09-30;2021-06-30;patchtst_global;patchtst_global;DZRDP;all;all;0.15;0.0463138;-0.05202312;0.00694707;-0.00780347;1.0;0.0;0.0
always_transformer;2021-09-30;2021-06-30;patchtst_global;patchtst_global;KRKNP;all;all;0.15;0.07339594;0.01699346;0.01100939;0.00254902;1.0;0.0;0.0
always_transformer;2021-09-30;2021-06-30;patchtst_global;patchtst_global;MSTT;all;all;0.15;0.07934247;-0.06288602;0.01190137;-0.0094329;1.0;0.0;0.0
always_transformer;2021-09-30;2021-06-30;patchtst_global;patchtst_global;SAGOP;all;all;0.15;0.04495899;0.7924812;0.00674385;0.11887218;1.0;0.0;0.0
always_transformer;2021-09-30;2021-06-30;patchtst_global;patchtst_global;SNGSP;all;all;0.10205966;0.0427247;-0.03707402;0.00436047;-0.00378376;1.0;0.0;0.0
always_transformer;2021-09-30;2021-06-30;patchtst_global;patchtst_global;TGKBP;all;all;0.07746338;0.04332562;0.01545595;0.00335615;0.00119727;1.0;0.0;0.0
always_transformer;2021-09-30;2021-06-30;patchtst_global;patchtst_global;TRNFP;all;all;0.15;0.04659526;-0.00438871;0.00698929;-0.00065831;1.0;0.0;0.0
always_transformer;2021-09-30;2021-06-30;patchtst_global;patchtst_global;VGSBP;all;all;0.06946595;0.05198929;0.154047;0.00361149;0.01070102;1.0;0.0;0.0
selector_rule_based;2021-09-30;2021-06-30;catboost_lags_regimes;catboost_lags_regimes;AFLT;all;all;0.01735489;0.09578988;-0.15437393;0.00166242;-0.00267914;1.0;0.0;0.0
selector_rule_based;2021-09-30;2021-06-30;catboost_lags_regimes;catboost_lags_regimes;AKRN;all;all;0.15;0.1116424;0.87000767;0.01674636;0.13050115;1.0;0.0;0.0
selector_rule_based;2021-09-30;2021-06-30;catboost_lags_regimes;catboost_lags_regimes;APTK;all;all;0.15;0.11342268;-0.00756819;0.0170134;-0.00113523;1.0;0.0;0.0
selector_rule_based;2021-09-30;2021-06-30;catboost_lags_regimes;catboost_lags_regimes;DZRD;all;all;0.07461614;0.08951574;-0.05707763;0.00667932;-0.00425891;1.0;0.0;0.0
selector_rule_based;2021-09-30;2021-06-30;catboost_lags_regimes;catboost_lags_regimes;LSRG;all;all;0.10329123;0.10354266;-0.19699367;0.01069505;-0.02034772;1.0;0.0;0.0
selector_rule_based;2021-09-30;2021-06-30;catboost_lags_regimes;catboost_lags_regimes;MSTT;all;all;0.051092;0.08782678;-0.06288602;0.00448725;-0.00321297;1.0;0.0;0.0
selector_rule_based;2021-09-30;2021-06-30;catboost_lags_regimes;catboost_lags_regimes;MTSS;all;all;0.15;0.09488294;-0.06464549;0.01423244;-0.00969682;1.0;0.0;0.0
selector_rule_based;2021-09-30;2021-06-30;catboost_lags_regimes;catboost_lags_regimes;RDRB;all;all;0.15;0.12511206;-0.09821429;0.01876681;-0.01473214;1.0;0.0;0.0
selector_rule_based;2021-09-30;2021-06-30;catboost_lags_regimes;catboost_lags_regimes;SMLT;all;all;0.00364574;0.09489093;-0.01985659;0.00034595;-7.239e-05;1.0;0.0;0.0
selector_rule_based;2021-09-30;2021-06-30;catboost_lags_regimes;catboost_lags_regimes;UPRO;all;all;0.15;0.09114033;0.02602007;0.01367105;0.00390301;1.0;0.0;0.0
selector_composite;2021-09-30;2021-06-30;rolling_ols;rolling_ols;AVAN;all;all;0.15;0.08960952;-0.07291006;0.01344143;-0.01093651;1.0;0.0;0.0
selector_composite;2021-09-30;2021-06-30;rolling_ols;rolling_ols;BSPB;all;all;0.03914092;0.08525707;0.04527382;0.00333704;0.00177206;1.0;0.0;0.0
selector_composite;2021-09-30;2021-06-30;rolling_ols;rolling_ols;DZRD;all;all;0.14331922;0.0843893;-0.05707763;0.01209461;-0.00818032;1.0;0.0;0.0
selector_composite;2021-09-30;2021-06-30;rolling_ols;rolling_ols;DZRDP;all;all;0.15;0.08747481;-0.05202312;0.01312122;-0.00780347;1.0;0.0;0.0
selector_composite;2021-09-30;2021-06-30;rolling_ols;rolling_ols;ELTZ;all;all;0.07753834;0.07973644;-0.08423913;0.00618263;-0.00653176;1.0;0.0;0.0
selector_composite;2021-09-30;2021-06-30;rolling_ols;rolling_ols;MRKK;all;all;0.15;0.08210189;-0.01657061;0.01231528;-0.00248559;1.0;0.0;0.0
selector_composite;2021-09-30;2021-06-30;rolling_ols;rolling_ols;MSTT;all;all;0.1272537;0.08189217;-0.06288602;0.01042108;-0.00800248;1.0;0.0;0.0
selector_composite;2021-09-30;2021-06-30;rolling_ols;rolling_ols;SAGO;all;all;0.01274782;0.08277191;0.58378378;0.00105516;0.00744197;1.0;0.0;0.0
selector_composite;2021-09-30;2021-06-30;rolling_ols;rolling_ols;SAGOP;all;all;0.15;0.08594221;0.7924812;0.01289133;0.11887218;1.0;0.0;0.0
always_linear;2021-12-31;2021-09-30;ridge;ridge;BSPB;all;all;0.04574493;0.06913241;-0.23607362;0.00316246;-0.01079917;1.0;0.0;0.0
always_linear;2021-12-31;2021-09-30;ridge;ridge;BSPBP;all;all;0.07853653;0.06367385;-0.31299735;0.00500072;-0.02458173;1.0;0.0;0.0
always_linear;2021-12-31;2021-09-30;ridge;ridge;KRKNP;all;all;0.15;0.07183856;-0.15167095;0.01077578;-0.02275064;1.0;0.0;0.0
always_linear;2021-12-31;2021-09-30;ridge;ridge;LPSB;all;all;0.15;0.06454888;-0.18378378;0.00968233;-0.02756757;1.0;0.0;0.0
always_linear;2021-12-31;2021-09-30;ridge;ridge;PMSBP;all;all;0.05374146;0.06354581;-0.11966988;0.00341504;-0.00643123;1.0;0.0;0.0
always_linear;2021-12-31;2021-09-30;ridge;ridge;RBCM;all;all;0.15;0.07068881;-0.16621984;0.01060332;-0.02493298;1.0;0.0;0.0
always_linear;2021-12-31;2021-09-30;ridge;ridge;UTAR;all;all;0.15;0.0654545;0.02890933;0.00981817;0.0043364;1.0;0.0;0.0
always_linear;2021-12-31;2021-09-30;ridge;ridge;VGSB;all;all;0.05001788;0.07222615;-0.07894737;0.0036126;-0.00394878;1.0;0.0;0.0
always_linear;2021-12-31;2021-09-30;ridge;ridge;VSYDP;all;all;0.04311029;0.06949966;-0.0125;0.00299615;-0.00053888;1.0;0.0;0.0
always_linear;2021-12-31;2021-09-30;ridge;ridge;ZVEZ;all;all;0.12884892;0.06781949;-0.06415094;0.00873847;-0.00826578;1.0;0.0;0.0
always_transformer;2021-12-31;2021-09-30;patchtst_global;patchtst_global;APTK;all;all;0.15;0.03908581;-0.12374101;0.00586287;-0.01856115;1.0;0.0;0.0
always_transformer;2021-12-31;2021-09-30;patchtst_global;patchtst_global;CHMF;all;all;0.15;0.05139064;-0.31429996;0.0077086;-0.04714499;1.0;0.0;0.0
always_transformer;2021-12-31;2021-09-30;patchtst_global;patchtst_global;DSKY;all;all;0.04606501;0.05137965;-0.29854097;0.0023668;-0.01375229;1.0;0.0;0.0
always_transformer;2021-12-31;2021-09-30;patchtst_global;patchtst_global;GCHE;all;all;0.06428829;0.03932973;0.11311141;0.00252844;0.00727174;1.0;0.0;0.0
always_transformer;2021-12-31;2021-09-30;patchtst_global;patchtst_global;MISB;all;all;0.15;0.04329386;-0.10273973;0.00649408;-0.01541096;1.0;0.0;0.0
always_transformer;2021-12-31;2021-09-30;patchtst_global;patchtst_global;MRSB;all;all;0.02829391;0.04558305;-0.17560976;0.00128972;-0.00496869;1.0;0.0;0.0
always_transformer;2021-12-31;2021-09-30;patchtst_global;patchtst_global;MTSS;all;all;0.15;0.04662599;-0.20157243;0.0069939;-0.03023586;1.0;0.0;0.0
always_transformer;2021-12-31;2021-09-30;patchtst_global;patchtst_global;NLMK;all;all;0.01184366;0.05066095;-0.2079801;0.00060001;-0.00246325;1.0;0.0;0.0
always_transformer;2021-12-31;2021-09-30;patchtst_global;patchtst_global;NNSBP;all;all;0.09950913;0.04262429;-0.25542169;0.00424151;-0.02541679;1.0;0.0;0.0
always_transformer;2021-12-31;2021-09-30;patchtst_global;patchtst_global;PHOR;all;all;0.15;0.04235202;0.37216442;0.0063528;0.05582466;1.0;0.0;0.0
selector_rule_based;2021-12-31;2021-09-30;catboost_lags_regimes;catboost_lags_regimes;AKRN;all;all;0.0310192;0.03453607;0.88999005;0.00107128;0.02760678;1.0;0.0;0.0
selector_rule_based;2021-12-31;2021-09-30;catboost_lags_regimes;catboost_lags_regimes;EELT;all;all;0.07218377;0.03314019;-0.25141243;0.00239218;-0.0181479;1.0;0.0;0.0
selector_rule_based;2021-12-31;2021-09-30;catboost_lags_regimes;catboost_lags_regimes;GAZAP;all;all;0.03311947;0.03709465;-0.15915493;0.00122855;-0.00527113;1.0;0.0;0.0
selector_rule_based;2021-12-31;2021-09-30;catboost_lags_regimes;catboost_lags_regimes;KGKC;all;all;0.15;0.05888435;-0.14529915;0.00883265;-0.02179487;1.0;0.0;0.0
selector_rule_based;2021-12-31;2021-09-30;catboost_lags_regimes;catboost_lags_regimes;KGKCP;all;all;0.15;0.04038111;-0.14893617;0.00605717;-0.02234043;1.0;0.0;0.0
selector_rule_based;2021-12-31;2021-09-30;catboost_lags_regimes;catboost_lags_regimes;KTSBP;all;all;0.12311414;0.04439583;-0.15750371;0.00546575;-0.01939093;1.0;0.0;0.0
selector_rule_based;2021-12-31;2021-09-30;catboost_lags_regimes;catboost_lags_regimes;TORSP;all;all;0.15;0.04115886;-0.18467583;0.00617383;-0.02770138;1.0;0.0;0.0
selector_rule_based;2021-12-31;2021-09-30;catboost_lags_regimes;catboost_lags_regimes;VSMO;all;all;0.03121005;0.03331877;0.06609808;0.00103988;0.00206292;1.0;0.0;0.0
selector_rule_based;2021-12-31;2021-09-30;catboost_lags_regimes;catboost_lags_regimes;YKENP;all;all;0.10935338;0.03213584;-0.12026359;0.00351416;-0.01315123;1.0;0.0;0.0
selector_rule_based;2021-12-31;2021-09-30;catboost_lags_regimes;catboost_lags_regimes;ZVEZ;all;all;0.15;0.04715601;-0.06415094;0.0070734;-0.00962264;1.0;0.0;0.0
selector_composite;2021-12-31;2021-09-30;rolling_ols;rolling_ols;ABRD;all;all;0.0670881;0.03290663;-0.07751938;0.00220764;-0.00520063;1.0;0.0;0.0
selector_composite;2021-12-31;2021-09-30;rolling_ols;rolling_ols;ASSB;all;all;0.07845464;0.03538605;-0.12936221;0.0027762;-0.01014907;1.0;0.0;0.0
selector_composite;2021-12-31;2021-09-30;rolling_ols;rolling_ols;CNTL;all;all;0.00340931;0.02751215;-0.09547739;9.38e-05;-0.00032551;1.0;0.0;0.0
selector_composite;2021-12-31;2021-09-30;rolling_ols;rolling_ols;DSKY;all;all;0.06401699;0.03598231;-0.29854097;0.00230348;-0.01911169;1.0;0.0;0.0
selector_composite;2021-12-31;2021-09-30;rolling_ols;rolling_ols;EELT;all;all;0.15;0.03267235;-0.25141243;0.00490085;-0.03771186;1.0;0.0;0.0
selector_composite;2021-12-31;2021-09-30;rolling_ols;rolling_ols;ELTZ;all;all;0.03154173;0.03741558;-0.03560831;0.00118015;-0.00112315;1.0;0.0;0.0
selector_composite;2021-12-31;2021-09-30;rolling_ols;rolling_ols;GEMA;all;all;0.15;0.03540074;-0.23473473;0.00531011;-0.03521021;1.0;0.0;0.0
selector_composite;2021-12-31;2021-09-30;rolling_ols;rolling_ols;MRSB;all;all;0.09015845;0.03613933;-0.17560976;0.00325827;-0.0158327;1.0;0.0;0.0
selector_composite;2021-12-31;2021-09-30;rolling_ols;rolling_ols;MSTT;all;all;0.0914368;0.02859924;-0.00479329;0.00261502;-0.00043828;1.0;0.0;0.0
selector_composite;2021-12-31;2021-09-30;rolling_ols;rolling_ols;NNSBP;all;all;0.02039262;0.03175262;-0.25542169;0.00064752;-0.00520872;1.0;0.0;0.0
selector_composite;2021-12-31;2021-09-30;rolling_ols;rolling_ols;PHOR;all;all;0.10350136;0.03014805;0.37216442;0.00312036;0.03851952;1.0;0.0;0.0
selector_composite;2021-12-31;2021-09-30;rolling_ols;rolling_ols;SVET;all;all;0.15;0.02986986;0.01593372;0.00448048;0.00239006;1.0;0.0;0.0
always_linear;2022-03-31;2021-12-31;ridge;ridge;CHKZ;all;all;0.15;0.10911092;-0.165625;0.01636664;-0.02484375;1.0;1.0;1.0
always_linear;2022-03-31;2021-12-31;ridge;ridge;DZRD;all;all;0.15;0.11398916;-0.06015038;0.01709837;-0.00902256;1.0;1.0;1.0
always_linear;2022-03-31;2021-12-31;ridge;ridge;DZRDP;all;all;0.06520616;0.12373766;0.17419355;0.00806846;0.01135849;1.0;1.0;1.0
always_linear;2022-03-31;2021-12-31;ridge;ridge;ELTZ;all;all;0.04202212;0.11803717;-0.08;0.00496017;-0.00336177;1.0;1.0;1.0
always_linear;2022-03-31;2021-12-31;ridge;ridge;KRKNP;all;all;0.13063178;0.11392162;-0.21363636;0.01488178;-0.0279077;1.0;1.0;1.0
always_linear;2022-03-31;2021-12-31;ridge;ridge;LPSB;all;all;0.04046449;0.11520907;0.09933775;0.00466188;0.00401965;1.0;1.0;1.0
always_linear;2022-03-31;2021-12-31;ridge;ridge;SAREP;all;all;0.05161726;0.11410488;-0.07415254;0.00588978;-0.00382755;1.0;1.0;1.0
always_linear;2022-03-31;2021-12-31;ridge;ridge;SNGSP;all;all;0.15;0.11110445;-0.04897959;0.01666567;-0.00734694;1.0;1.0;1.0
always_linear;2022-03-31;2021-12-31;ridge;ridge;UTAR;all;all;0.15;0.1176822;-0.11366539;0.01765233;-0.01704981;1.0;1.0;1.0
always_linear;2022-03-31;2021-12-31;ridge;ridge;VSYDP;all;all;0.07005821;0.11900675;-0.10970464;0.0083374;-0.00768571;1.0;1.0;1.0
always_transformer;2022-03-31;2021-12-31;patchtst_global;patchtst_global;ARSA;all;all;0.04709372;0.01871181;-0.16289593;0.00088121;-0.00767138;1.0;1.0;1.0
always_transformer;2022-03-31;2021-12-31;patchtst_global;patchtst_global;ELTZ;all;all;0.11000401;0.02114073;-0.08;0.00232556;-0.00880032;1.0;1.0;1.0
always_transformer;2022-03-31;2021-12-31;patchtst_global;patchtst_global;IGSTP;all;all;0.05165138;0.01506374;-0.14081487;0.00077806;-0.00727328;1.0;1.0;1.0
always_transformer;2022-03-31;2021-12-31;patchtst_global;patchtst_global;MSTT;all;all;0.06812747;0.01406416;-0.07164359;0.00095816;-0.0048809;1.0;1.0;1.0
always_transformer;2022-03-31;2021-12-31;patchtst_global;patchtst_global;NLMK;all;all;0.15;0.01396995;-0.22396742;0.00209549;-0.03359511;1.0;1.0;1.0
always_transformer;2022-03-31;2021-12-31;patchtst_global;patchtst_global;RDRB;all;all;0.11431247;0.01275012;0.04;0.0014575;0.0045725;1.0;1.0;1.0
always_transformer;2022-03-31;2021-12-31;patchtst_global;patchtst_global;SAREP;all;all;0.12130355;0.02291703;-0.07415254;0.00277992;-0.00899497;1.0;1.0;1.0
always_transformer;2022-03-31;2021-12-31;patchtst_global;patchtst_global;UCSS;all;all;0.07399454;0.01526358;0.01550388;0.00112942;0.0011472;1.0;1.0;1.0
always_transformer;2022-03-31;2021-12-31;patchtst_global;patchtst_global;VSYDP;all;all;0.14554989;0.03393823;-0.10970464;0.00493971;-0.0159675;1.0;1.0;1.0
always_transformer;2022-03-31;2021-12-31;patchtst_global;patchtst_global;ZVEZ;all;all;0.11796297;0.01715417;-0.05913978;0.00202356;-0.0069763;1.0;1.0;1.0
selector_rule_based;2022-03-31;2021-12-31;patchtst_global;patchtst_global;ARSA;all;all;0.04709372;0.01871181;-0.16289593;0.00088121;-0.00767138;1.0;1.0;1.0
selector_rule_based;2022-03-31;2021-12-31;patchtst_global;patchtst_global;ELTZ;all;all;0.11000401;0.02114073;-0.08;0.00232556;-0.00880032;1.0;1.0;1.0
selector_rule_based;2022-03-31;2021-12-31;patchtst_global;patchtst_global;IGSTP;all;all;0.05165138;0.01506374;-0.14081487;0.00077806;-0.00727328;1.0;1.0;1.0
selector_rule_based;2022-03-31;2021-12-31;patchtst_global;patchtst_global;MSTT;all;all;0.06812747;0.01406416;-0.07164359;0.00095816;-0.0048809;1.0;1.0;1.0
selector_rule_based;2022-03-31;2021-12-31;patchtst_global;patchtst_global;NLMK;all;all;0.15;0.01396995;-0.22396742;0.00209549;-0.03359511;1.0;1.0;1.0
selector_rule_based;2022-03-31;2021-12-31;patchtst_global;patchtst_global;RDRB;all;all;0.11431247;0.01275012;0.04;0.0014575;0.0045725;1.0;1.0;1.0
selector_rule_based;2022-03-31;2021-12-31;patchtst_global;patchtst_global;SAREP;all;all;0.12130355;0.02291703;-0.07415254;0.00277992;-0.00899497;1.0;1.0;1.0
selector_rule_based;2022-03-31;2021-12-31;patchtst_global;patchtst_global;UCSS;all;all;0.07399454;0.01526358;0.01550388;0.00112942;0.0011472;1.0;1.0;1.0
selector_rule_based;2022-03-31;2021-12-31;patchtst_global;patchtst_global;VSYDP;all;all;0.14554989;0.03393823;-0.10970464;0.00493971;-0.0159675;1.0;1.0;1.0
selector_rule_based;2022-03-31;2021-12-31;patchtst_global;patchtst_global;ZVEZ;all;all;0.11796297;0.01715417;-0.05913978;0.00202356;-0.0069763;1.0;1.0;1.0
selector_composite;2022-03-31;2021-12-31;catboost_lags_regimes;catboost_lags_regimes;ABRD;all;all;0.15;0.06573733;-0.03641457;0.0098606;-0.00546218;1.0;1.0;1.0
selector_composite;2022-03-31;2021-12-31;catboost_lags_regimes;catboost_lags_regimes;BSPBP;all;all;0.00272461;0.02178628;0.0433394;5.936e-05;0.00011808;1.0;1.0;1.0
selector_composite;2022-03-31;2021-12-31;catboost_lags_regimes;catboost_lags_regimes;CNTLP;all;all;0.02193213;0.00719069;0.55319149;0.00015771;0.01213267;1.0;1.0;1.0
selector_composite;2022-03-31;2021-12-31;catboost_lags_regimes;catboost_lags_regimes;GCHE;all;all;0.15;0.04940841;-0.18095819;0.00741126;-0.02714373;1.0;1.0;1.0
selector_composite;2022-03-31;2021-12-31;catboost_lags_regimes;catboost_lags_regimes;KUZB;all;all;0.02547432;0.01284371;-0.05617353;0.00032718;-0.00143098;1.0;1.0;1.0
selector_composite;2022-03-31;2021-12-31;catboost_lags_regimes;catboost_lags_regimes;LENT;all;all;0.15;0.01893066;-0.21726535;0.0028396;-0.0325898;1.0;1.0;1.0
selector_composite;2022-03-31;2021-12-31;catboost_lags_regimes;catboost_lags_regimes;MTLR;all;all;0.0228029;0.03849493;0.20939086;0.0008778;0.00477472;1.0;1.0;1.0
selector_composite;2022-03-31;2021-12-31;catboost_lags_regimes;catboost_lags_regimes;MVID;all;all;0.02706604;0.05354114;-0.30639236;0.00144915;-0.00829283;1.0;1.0;1.0
selector_composite;2022-03-31;2021-12-31;catboost_lags_regimes;catboost_lags_regimes;PHOR;all;all;0.15;0.10442448;-0.02050963;0.01566367;-0.00307644;1.0;1.0;1.0
selector_composite;2022-03-31;2021-12-31;catboost_lags_regimes;catboost_lags_regimes;RENI;all;all;0.15;0.01880549;-0.19073018;0.00282082;-0.02860953;1.0;1.0;1.0
selector_composite;2022-03-31;2021-12-31;catboost_lags_regimes;catboost_lags_regimes;SPBE;all;all;0.15;0.02008916;-0.5083828;0.00301337;-0.07625742;1.0;1.0;1.0
always_linear;2022-06-30;2022-03-31;ridge;ridge;BSPBP;all;all;0.02527519;0.02701192;-0.01519493;0.00068273;-0.00038405;0.0;1.0;1.0
always_linear;2022-06-30;2022-03-31;ridge;ridge;DZRD;all;all;0.04823162;0.02916903;-0.12533333;0.00140687;-0.00604503;0.0;1.0;1.0
always_linear;2022-06-30;2022-03-31;ridge;ridge;DZRDP;all;all;0.15;0.03418296;-0.09899147;0.00512744;-0.01484872;0.0;1.0;1.0
always_linear;2022-06-30;2022-03-31;ridge;ridge;ELTZ;all;all;0.0369408;0.03016925;0.76588629;0.00111448;0.02829245;0.0;1.0;1.0
always_linear;2022-06-30;2022-03-31;ridge;ridge;KRSBP;all;all;0.10915517;0.02630339;-0.01052632;0.00287115;-0.001149;0.0;1.0;1.0
always_linear;2022-06-30;2022-03-31;ridge;ridge;LPSB;all;all;0.06685416;0.02767713;-0.07228916;0.00185033;-0.00483283;0.0;1.0;1.0
always_linear;2022-06-30;2022-03-31;ridge;ridge;SARE;all;all;0.03453387;0.02773197;0.04320988;0.00095769;0.0014922;0.0;1.0;1.0
always_linear;2022-06-30;2022-03-31;ridge;ridge;SAREP;all;all;0.15;0.0317114;0.08466819;0.00475671;0.01270023;0.0;1.0;1.0
always_linear;2022-06-30;2022-03-31;ridge;ridge;SVET;all;all;0.15;0.02483923;-0.23218391;0.00372589;-0.03482759;0.0;1.0;1.0
always_linear;2022-06-30;2022-03-31;ridge;ridge;TASB;all;all;0.02587204;0.02844593;-0.10722101;0.00073595;-0.00277403;0.0;1.0;1.0
always_linear;2022-06-30;2022-03-31;ridge;ridge;TGKN;all;all;0.00035371;0.0232334;-0.16535433;8.22e-06;-5.849e-05;0.0;1.0;1.0
always_linear;2022-06-30;2022-03-31;ridge;ridge;VSYDP;all;all;0.07911024;0.0323304;-0.14691943;0.00255767;-0.01162283;0.0;1.0;1.0
always_linear;2022-06-30;2022-03-31;ridge;ridge;WTCMP;all;all;0.12367321;0.02587145;-0.02439024;0.00319961;-0.00301642;0.0;1.0;1.0
always_transformer;2022-06-30;2022-03-31;patchtst_global;patchtst_global;ASSB;all;all;0.04033848;0.02149503;-0.06424581;0.00086708;-0.00259158;0.0;1.0;1.0
always_transformer;2022-06-30;2022-03-31;patchtst_global;patchtst_global;EELT;all;all;0.15;0.00258916;-0.01449275;0.00038837;-0.00217391;0.0;1.0;1.0
always_transformer;2022-06-30;2022-03-31;patchtst_global;patchtst_global;ELTZ;all;all;0.15;0.02593327;0.76588629;0.00388999;0.11488294;0.0;1.0;1.0
always_transformer;2022-06-30;2022-03-31;patchtst_global;patchtst_global;SARE;all;all;0.15;0.03521774;0.04320988;0.00528266;0.00648148;0.0;1.0;1.0
always_transformer;2022-06-30;2022-03-31;patchtst_global;patchtst_global;SAREP;all;all;0.15;0.02849042;0.08466819;0.00427356;0.01270023;0.0;1.0;1.0
always_transformer;2022-06-30;2022-03-31;patchtst_global;patchtst_global;TASB;all;all;0.05966152;0.01628885;-0.10722101;0.00097182;-0.00639697;0.0;1.0;1.0
always_transformer;2022-06-30;2022-03-31;patchtst_global;patchtst_global;VSYDP;all;all;0.15;0.03113925;-0.14691943;0.00467089;-0.02203791;0.0;1.0;1.0
always_transformer;2022-06-30;2022-03-31;patchtst_global;patchtst_global;YRSBP;all;all;0.15;0.02006834;-0.07228916;0.00301025;-0.01084337;0.0;1.0;1.0
selector_rule_based;2022-06-30;2022-03-31;patchtst_global;patchtst_global;ASSB;all;all;0.04033848;0.02149503;-0.06424581;0.00086708;-0.00259158;0.0;1.0;1.0
selector_rule_based;2022-06-30;2022-03-31;patchtst_global;patchtst_global;EELT;all;all;0.15;0.00258916;-0.01449275;0.00038837;-0.00217391;0.0;1.0;1.0
selector_rule_based;2022-06-30;2022-03-31;patchtst_global;patchtst_global;ELTZ;all;all;0.15;0.02593327;0.76588629;0.00388999;0.11488294;0.0;1.0;1.0
selector_rule_based;2022-06-30;2022-03-31;patchtst_global;patchtst_global;SARE;all;all;0.15;0.03521774;0.04320988;0.00528266;0.00648148;0.0;1.0;1.0
selector_rule_based;2022-06-30;2022-03-31;patchtst_global;patchtst_global;SAREP;all;all;0.15;0.02849042;0.08466819;0.00427356;0.01270023;0.0;1.0;1.0
selector_rule_based;2022-06-30;2022-03-31;patchtst_global;patchtst_global;TASB;all;all;0.05966152;0.01628885;-0.10722101;0.00097182;-0.00639697;0.0;1.0;1.0
selector_rule_based;2022-06-30;2022-03-31;patchtst_global;patchtst_global;VSYDP;all;all;0.15;0.03113925;-0.14691943;0.00467089;-0.02203791;0.0;1.0;1.0
selector_rule_based;2022-06-30;2022-03-31;patchtst_global;patchtst_global;YRSBP;all;all;0.15;0.02006834;-0.07228916;0.00301025;-0.01084337;0.0;1.0;1.0
selector_composite;2022-06-30;2022-03-31;catboost_lags_regimes;catboost_lags_regimes;GAZAP;all;all;0.00050104;0.04236872;-0.17047817;2.123e-05;-8.542e-05;0.0;1.0;1.0
selector_composite;2022-06-30;2022-03-31;catboost_lags_regimes;catboost_lags_regimes;KROTP;all;all;0.02221723;0.04056399;0.05861192;0.00090122;0.00130219;0.0;1.0;1.0
selector_composite;2022-06-30;2022-03-31;catboost_lags_regimes;catboost_lags_regimes;KTSBP;all;all;0.15;0.09689248;-0.29911504;0.01453387;-0.04486726;0.0;1.0;1.0
selector_composite;2022-06-30;2022-03-31;catboost_lags_regimes;catboost_lags_regimes;TGKBP;all;all;0.15;0.05000891;-0.11775701;0.00750134;-0.01766355;0.0;1.0;1.0
selector_composite;2022-06-30;2022-03-31;catboost_lags_regimes;catboost_lags_regimes;TGKDP;all;all;0.15;0.03413256;0.14705882;0.00511988;0.02205882;0.0;1.0;1.0
selector_composite;2022-06-30;2022-03-31;catboost_lags_regimes;catboost_lags_regimes;TORSP;all;all;0.15;0.07175291;-0.08602151;0.01076294;-0.01290323;0.0;1.0;1.0
selector_composite;2022-06-30;2022-03-31;catboost_lags_regimes;catboost_lags_regimes;VSYDP;all;all;0.07728174;0.03010161;-0.14691943;0.00232631;-0.01135419;0.0;1.0;1.0
selector_composite;2022-06-30;2022-03-31;catboost_lags_regimes;catboost_lags_regimes;YKENP;all;all;0.15;0.04082285;-0.18571429;0.00612343;-0.02785714;0.0;1.0;1.0
selector_composite;2022-06-30;2022-03-31;catboost_lags_regimes;catboost_lags_regimes;YRSBP;all;all;0.15;0.03878562;-0.07228916;0.00581784;-0.01084337;0.0;1.0;1.0
always_linear;2022-09-30;2022-06-30;ridge;ridge;CHGZ;all;all;0.04577396;-0.01651329;0.08860759;-0.00075588;0.00405592;0.0;1.0;1.0
always_linear;2022-09-30;2022-06-30;ridge;ridge;ELTZ;all;all;0.05918108;-0.01593412;0.32386364;-0.000943;0.0191666;0.0;1.0;1.0
always_linear;2022-09-30;2022-06-30;ridge;ridge;NKSH;all;all;0.04946607;-0.02113384;0.146;-0.00104541;0.00722205;0.0;1.0;1.0
always_linear;2022-09-30;2022-06-30;ridge;ridge;RBCM;all;all;0.02220069;-0.01908608;0.09923664;-0.00042372;0.00220312;0.0;1.0;1.0
always_linear;2022-09-30;2022-06-30;ridge;ridge;SARE;all;all;0.15;-0.01804715;0.06508876;-0.00270707;0.00976331;0.0;1.0;1.0
always_linear;2022-09-30;2022-06-30;ridge;ridge;SAREP;all;all;0.15;-0.01370346;0.12025316;-0.00205552;0.01803797;0.0;1.0;1.0
always_linear;2022-09-30;2022-06-30;ridge;ridge;SVET;all;all;0.15;-0.01735969;0.04491018;-0.00260395;0.00673653;0.0;1.0;1.0
always_linear;2022-09-30;2022-06-30;ridge;ridge;TASB;all;all;0.00822255;-0.01796069;0.15441176;-0.00014768;0.00126966;0.0;1.0;1.0
always_linear;2022-09-30;2022-06-30;ridge;ridge;TASBP;all;all;0.06515565;-0.01265259;0.04803493;-0.00082439;0.00312975;0.0;1.0;1.0
always_linear;2022-09-30;2022-06-30;ridge;ridge;YKEN;all;all;0.15;-0.0208041;0.15570175;-0.00312062;0.02335526;0.0;1.0;1.0
always_linear;2022-09-30;2022-06-30;ridge;ridge;YKENP;all;all;0.15;-0.01606827;0.15350877;-0.00241024;0.02302632;0.0;1.0;1.0
always_transformer;2022-09-30;2022-06-30;patchtst_global;patchtst_global;BISVP;all;all;0.0075959;-0.05180462;0.33956835;-0.0003935;0.00257933;0.0;1.0;1.0
always_transformer;2022-09-30;2022-06-30;patchtst_global;patchtst_global;CHGZ;all;all;0.15;-0.04023873;0.08860759;-0.00603581;0.01329114;0.0;1.0;1.0
always_transformer;2022-09-30;2022-06-30;patchtst_global;patchtst_global;DZRD;all;all;0.15;-0.04305729;0.28353659;-0.00645859;0.04253049;0.0;1.0;1.0
always_transformer;2022-09-30;2022-06-30;patchtst_global;patchtst_global;ELTZ;all;all;0.15;-0.04400915;0.32386364;-0.00660137;0.04857955;0.0;1.0;1.0
always_transformer;2022-09-30;2022-06-30;patchtst_global;patchtst_global;GAZAP;all;all;0.08717779;-0.03734103;0.21553885;-0.00325531;0.0187902;0.0;1.0;1.0
always_transformer;2022-09-30;2022-06-30;patchtst_global;patchtst_global;IGSTP;all;all;0.0614303;-0.03105203;0.19007491;-0.00190754;0.01167636;0.0;1.0;1.0
always_transformer;2022-09-30;2022-06-30;patchtst_global;patchtst_global;KTSBP;all;all;0.00168095;-0.05669498;0.3459596;-9.53e-05;0.00058154;0.0;1.0;1.0
always_transformer;2022-09-30;2022-06-30;patchtst_global;patchtst_global;MISBP;all;all;0.12131739;-0.05156855;0.23728814;-0.00625616;0.02878718;0.0;1.0;1.0
always_transformer;2022-09-30;2022-06-30;patchtst_global;patchtst_global;RDRB;all;all;0.02666642;-0.04403419;0.21311475;-0.00117423;0.00568301;0.0;1.0;1.0
always_transformer;2022-09-30;2022-06-30;patchtst_global;patchtst_global;RUSI;all;all;0.09075158;-0.0514759;0.11804009;-0.00467152;0.01071232;0.0;1.0;1.0
always_transformer;2022-09-30;2022-06-30;patchtst_global;patchtst_global;SAGOP;all;all;0.00337968;-0.03223179;0.09042553;-0.00010893;0.00030561;0.0;1.0;1.0
always_transformer;2022-09-30;2022-06-30;patchtst_global;patchtst_global;VSYDP;all;all;0.15;-0.03256837;0.30555556;-0.00488526;0.04583333;0.0;1.0;1.0
selector_rule_based;2022-09-30;2022-06-30;patchtst_global;patchtst_global;BISVP;all;all;0.0075959;-0.05180462;0.33956835;-0.0003935;0.00257933;0.0;1.0;1.0
selector_rule_based;2022-09-30;2022-06-30;patchtst_global;patchtst_global;CHGZ;all;all;0.15;-0.04023873;0.08860759;-0.00603581;0.01329114;0.0;1.0;1.0
selector_rule_based;2022-09-30;2022-06-30;patchtst_global;patchtst_global;DZRD;all;all;0.15;-0.04305729;0.28353659;-0.00645859;0.04253049;0.0;1.0;1.0
selector_rule_based;2022-09-30;2022-06-30;patchtst_global;patchtst_global;ELTZ;all;all;0.15;-0.04400915;0.32386364;-0.00660137;0.04857955;0.0;1.0;1.0
selector_rule_based;2022-09-30;2022-06-30;patchtst_global;patchtst_global;GAZAP;all;all;0.08717779;-0.03734103;0.21553885;-0.00325531;0.0187902;0.0;1.0;1.0
selector_rule_based;2022-09-30;2022-06-30;patchtst_global;patchtst_global;IGSTP;all;all;0.0614303;-0.03105203;0.19007491;-0.00190754;0.01167636;0.0;1.0;1.0
selector_rule_based;2022-09-30;2022-06-30;patchtst_global;patchtst_global;KTSBP;all;all;0.00168095;-0.05669498;0.3459596;-9.53e-05;0.00058154;0.0;1.0;1.0
selector_rule_based;2022-09-30;2022-06-30;patchtst_global;patchtst_global;MISBP;all;all;0.12131739;-0.05156855;0.23728814;-0.00625616;0.02878718;0.0;1.0;1.0
selector_rule_based;2022-09-30;2022-06-30;patchtst_global;patchtst_global;RDRB;all;all;0.02666642;-0.04403419;0.21311475;-0.00117423;0.00568301;0.0;1.0;1.0
selector_rule_based;2022-09-30;2022-06-30;patchtst_global;patchtst_global;RUSI;all;all;0.09075158;-0.0514759;0.11804009;-0.00467152;0.01071232;0.0;1.0;1.0
selector_rule_based;2022-09-30;2022-06-30;patchtst_global;patchtst_global;SAGOP;all;all;0.00337968;-0.03223179;0.09042553;-0.00010893;0.00030561;0.0;1.0;1.0
selector_rule_based;2022-09-30;2022-06-30;patchtst_global;patchtst_global;VSYDP;all;all;0.15;-0.03256837;0.30555556;-0.00488526;0.04583333;0.0;1.0;1.0
selector_composite;2022-09-30;2022-06-30;catboost_lags_regimes;catboost_lags_regimes;IGSTP;all;all;0.00645289;-0.01404278;0.19007491;-9.062e-05;0.00122653;0.0;1.0;1.0
selector_composite;2022-09-30;2022-06-30;catboost_lags_regimes;catboost_lags_regimes;KCHEP;all;all;0.15;0.00632028;0.13970588;0.00094804;0.02095588;0.0;1.0;1.0
selector_composite;2022-09-30;2022-06-30;catboost_lags_regimes;catboost_lags_regimes;KTSBP;all;all;0.1475893;-0.00515707;0.3459596;-0.00076113;0.05105994;0.0;1.0;1.0
selector_composite;2022-09-30;2022-06-30;catboost_lags_regimes;catboost_lags_regimes;MISBP;all;all;0.09595781;-0.0157422;0.23728814;-0.00151059;0.02276965;0.0;1.0;1.0
selector_composite;2022-09-30;2022-06-30;catboost_lags_regimes;catboost_lags_regimes;SPBE;all;all;0.15;-0.00642432;0.06753006;-0.00096365;0.01012951;0.0;1.0;1.0
selector_composite;2022-09-30;2022-06-30;catboost_lags_regimes;catboost_lags_regimes;TORSP;all;all;0.15;0.02542573;0.54537326;0.00381386;0.08180599;0.0;1.0;1.0
selector_composite;2022-09-30;2022-06-30;catboost_lags_regimes;catboost_lags_regimes;VSYDP;all;all;0.15;0.00974336;0.30555556;0.0014615;0.04583333;0.0;1.0;1.0
selector_composite;2022-09-30;2022-06-30;catboost_lags_regimes;catboost_lags_regimes;YRSB;all;all;0.15;0.05136743;0.05952381;0.00770511;0.00892857;0.0;1.0;1.0
always_linear;2022-12-31;2022-09-30;ridge;ridge;PAZA;all;all;0.08212288;0.06704584;0.26538462;0.005506;0.02179415;1.0;1.0;1.0
always_linear;2022-12-31;2022-09-30;ridge;ridge;PRMB;all;all;0.13591242;0.07473768;0.03448276;0.01015778;0.00468664;1.0;1.0;1.0
always_linear;2022-12-31;2022-09-30;ridge;ridge;SAGOP;all;all;0.06458371;0.06386989;0.14796748;0.00412495;0.00955629;1.0;1.0;1.0
always_linear;2022-12-31;2022-09-30;ridge;ridge;SARE;all;all;0.12344353;0.06837692;0.22407407;0.00844069;0.0276605;1.0;1.0;1.0
always_linear;2022-12-31;2022-09-30;ridge;ridge;SAREP;all;all;0.15;0.06733053;0.24858757;0.01009958;0.03728814;1.0;1.0;1.0
always_linear;2022-12-31;2022-09-30;ridge;ridge;UTAR;all;all;0.15;0.06442781;0.1159618;0.00966417;0.01739427;1.0;1.0;1.0
always_linear;2022-12-31;2022-09-30;ridge;ridge;VSYDP;all;all;0.09214428;0.07110677;0.38723404;0.00655208;0.0356814;1.0;1.0;1.0
always_linear;2022-12-31;2022-09-30;ridge;ridge;YRSBP;all;all;0.05179317;0.06739808;0.16363636;0.00349076;0.00847525;1.0;1.0;1.0
always_linear;2022-12-31;2022-09-30;ridge;ridge;ZVEZ;all;all;0.15;0.07363994;0.56621622;0.01104599;0.08493243;1.0;1.0;1.0
always_transformer;2022-12-31;2022-09-30;patchtst_global;patchtst_global;CHGZ;all;all;0.07942143;0.08411149;0.20348837;0.00668025;0.01616134;1.0;1.0;1.0
always_transformer;2022-12-31;2022-09-30;patchtst_global;patchtst_global;CNTL;all;all;0.15;0.09329826;0.55040323;0.01399474;0.08256048;1.0;1.0;1.0
always_transformer;2022-12-31;2022-09-30;patchtst_global;patchtst_global;ELTZ;all;all;0.01138833;0.08845837;0.19313305;0.00100739;0.00219946;1.0;1.0;1.0
always_transformer;2022-12-31;2022-09-30;patchtst_global;patchtst_global;KRKOP;all;all;0.12196955;0.09852329;0.83604777;0.01201684;0.10197237;1.0;1.0;1.0
always_transformer;2022-12-31;2022-09-30;patchtst_global;patchtst_global;SAGOP;all;all;0.14797709;0.12464735;0.14796748;0.01844495;0.0218958;1.0;1.0;1.0
always_transformer;2022-12-31;2022-09-30;patchtst_global;patchtst_global;SARE;all;all;0.15;0.10014145;0.22407407;0.01502122;0.03361111;1.0;1.0;1.0
always_transformer;2022-12-31;2022-09-30;patchtst_global;patchtst_global;SAREP;all;all;0.15;0.1011887;0.24858757;0.0151783;0.03728814;1.0;1.0;1.0
always_transformer;2022-12-31;2022-09-30;patchtst_global;patchtst_global;TASBP;all;all;0.01397446;0.09073586;0.18472222;0.00126798;0.00258139;1.0;1.0;1.0
always_transformer;2022-12-31;2022-09-30;patchtst_global;patchtst_global;WTCMP;all;all;0.02526915;0.08955557;0.33962264;0.00226299;0.00858197;1.0;1.0;1.0
always_transformer;2022-12-31;2022-09-30;patchtst_global;patchtst_global;YRSBP;all;all;0.15;0.09521917;0.16363636;0.01428288;0.02454545;1.0;1.0;1.0
selector_rule_based;2022-12-31;2022-09-30;patchtst_global;patchtst_global;CHGZ;all;all;0.07942143;0.08411149;0.20348837;0.00668025;0.01616134;1.0;1.0;1.0
selector_rule_based;2022-12-31;2022-09-30;patchtst_global;patchtst_global;CNTL;all;all;0.15;0.09329826;0.55040323;0.01399474;0.08256048;1.0;1.0;1.0
selector_rule_based;2022-12-31;2022-09-30;patchtst_global;patchtst_global;ELTZ;all;all;0.01138833;0.08845837;0.19313305;0.00100739;0.00219946;1.0;1.0;1.0
selector_rule_based;2022-12-31;2022-09-30;patchtst_global;patchtst_global;KRKOP;all;all;0.12196955;0.09852329;0.83604777;0.01201684;0.10197237;1.0;1.0;1.0
selector_rule_based;2022-12-31;2022-09-30;patchtst_global;patchtst_global;SAGOP;all;all;0.14797709;0.12464735;0.14796748;0.01844495;0.0218958;1.0;1.0;1.0
selector_rule_based;2022-12-31;2022-09-30;patchtst_global;patchtst_global;SARE;all;all;0.15;0.10014145;0.22407407;0.01502122;0.03361111;1.0;1.0;1.0
selector_rule_based;2022-12-31;2022-09-30;patchtst_global;patchtst_global;SAREP;all;all;0.15;0.1011887;0.24858757;0.0151783;0.03728814;1.0;1.0;1.0
selector_rule_based;2022-12-31;2022-09-30;patchtst_global;patchtst_global;TASBP;all;all;0.01397446;0.09073586;0.18472222;0.00126798;0.00258139;1.0;1.0;1.0
selector_rule_based;2022-12-31;2022-09-30;patchtst_global;patchtst_global;WTCMP;all;all;0.02526915;0.08955557;0.33962264;0.00226299;0.00858197;1.0;1.0;1.0
selector_rule_based;2022-12-31;2022-09-30;patchtst_global;patchtst_global;YRSBP;all;all;0.15;0.09521917;0.16363636;0.01428288;0.02454545;1.0;1.0;1.0
selector_composite;2022-12-31;2022-09-30;elastic_net;elastic_net;APTK;all;all;0.15;0.02742688;0.12428695;0.00411403;0.01864304;1.0;1.0;1.0
selector_composite;2022-12-31;2022-09-30;elastic_net;elastic_net;HYDR;all;all;0.15;0.02730536;0.07672131;0.0040958;0.0115082;1.0;1.0;1.0
selector_composite;2022-12-31;2022-09-30;elastic_net;elastic_net;MFGS;all;all;0.06852384;0.0265387;0.24628099;0.00181853;0.01687612;1.0;1.0;1.0
selector_composite;2022-12-31;2022-09-30;elastic_net;elastic_net;MSTT;all;all;0.15;0.02903723;1.28581775;0.00435558;0.19287266;1.0;1.0;1.0
selector_composite;2022-12-31;2022-09-30;elastic_net;elastic_net;NAUK;all;all;0.04273996;0.02643568;0.73125;0.00112986;0.0312536;1.0;1.0;1.0
selector_composite;2022-12-31;2022-09-30;elastic_net;elastic_net;PRMB;all;all;0.05773421;0.03010656;0.03448276;0.00173818;0.00199083;1.0;1.0;1.0
selector_composite;2022-12-31;2022-09-30;elastic_net;elastic_net;SAGOP;all;all;0.0368783;0.02879488;0.14796748;0.00106191;0.00545679;1.0;1.0;1.0
selector_composite;2022-12-31;2022-09-30;elastic_net;elastic_net;SAREP;all;all;0.15;0.02617163;0.24858757;0.00392574;0.03728814;1.0;1.0;1.0
selector_composite;2022-12-31;2022-09-30;elastic_net;elastic_net;UTAR;all;all;0.15;0.0286448;0.1159618;0.00429672;0.01739427;1.0;1.0;1.0
selector_composite;2022-12-31;2022-09-30;elastic_net;elastic_net;VSMO;all;all;0.04412369;0.02650678;-0.03080766;0.00116958;-0.00135935;1.0;1.0;1.0
always_linear;2023-03-31;2022-12-31;ridge;ridge;BISVP;all;all;0.15;0.11671162;0.20327869;0.01750674;0.0304918;0.0;1.0;1.0
always_linear;2023-03-31;2022-12-31;ridge;ridge;PRMB;all;all;0.10292985;0.12167199;0.0779798;0.01252368;0.00802645;0.0;1.0;1.0
always_linear;2023-03-31;2022-12-31;ridge;ridge;RTKMP;all;all;0.07233182;0.11366914;0.23927393;0.0082219;0.01730712;0.0;1.0;1.0
always_linear;2023-03-31;2022-12-31;ridge;ridge;SAGOP;all;all;0.06978887;0.12158653;1.02691218;0.00848539;0.07166704;0.0;1.0;1.0
always_linear;2023-03-31;2022-12-31;ridge;ridge;SARE;all;all;0.15;0.13197214;1.04689864;0.01979582;0.1570348;0.0;1.0;1.0
always_linear;2023-03-31;2022-12-31;ridge;ridge;SAREP;all;all;0.15;0.12735852;0.85369532;0.01910378;0.1280543;0.0;1.0;1.0
always_linear;2023-03-31;2022-12-31;ridge;ridge;TASBP;all;all;0.05712886;0.14128887;0.80304807;0.00807167;0.04587722;0.0;1.0;1.0
always_linear;2023-03-31;2022-12-31;ridge;ridge;YKENP;all;all;0.0978206;0.11946054;0.35121951;0.0116857;0.0343565;0.0;1.0;1.0
always_linear;2023-03-31;2022-12-31;ridge;ridge;YRSBP;all;all;0.15;0.12554717;0.76041667;0.01883208;0.1140625;0.0;1.0;1.0
always_transformer;2023-03-31;2022-12-31;patchtst_global;patchtst_global;APTK;all;all;0.15;0.3721959;0.03782288;0.05582938;0.00567343;0.0;1.0;1.0
always_transformer;2023-03-31;2022-12-31;patchtst_global;patchtst_global;MGNT;all;all;0.02183052;0.36567664;0.11843818;0.00798291;0.00258557;0.0;1.0;1.0
always_transformer;2023-03-31;2022-12-31;patchtst_global;patchtst_global;PRMB;all;all;0.15;0.43218453;0.0779798;0.06482768;0.01169697;0.0;1.0;1.0
always_transformer;2023-03-31;2022-12-31;patchtst_global;patchtst_global;RTKM;all;all;0.15;0.36418359;0.17216057;0.05462754;0.02582409;0.0;1.0;1.0
always_transformer;2023-03-31;2022-12-31;patchtst_global;patchtst_global;RTKMP;all;all;0.15;0.3682383;0.23927393;0.05523575;0.03589109;0.0;1.0;1.0
always_transformer;2023-03-31;2022-12-31;patchtst_global;patchtst_global;SARE;all;all;0.07816948;0.34423478;1.04689864;0.02690865;0.08183552;0.0;1.0;1.0
always_transformer;2023-03-31;2022-12-31;patchtst_global;patchtst_global;UTAR;all;all;0.15;0.38433734;0.11858191;0.0576506;0.01778729;0.0;1.0;1.0
always_transformer;2023-03-31;2022-12-31;patchtst_global;patchtst_global;VSMO;all;all;0.15;0.38851122;0.06491394;0.05827668;0.00973709;0.0;1.0;1.0
selector_rule_based;2023-03-31;2022-12-31;patchtst_global;patchtst_global;APTK;all;all;0.15;0.3721959;0.03782288;0.05582938;0.00567343;0.0;1.0;1.0
selector_rule_based;2023-03-31;2022-12-31;patchtst_global;patchtst_global;MGNT;all;all;0.02183052;0.36567664;0.11843818;0.00798291;0.00258557;0.0;1.0;1.0
selector_rule_based;2023-03-31;2022-12-31;patchtst_global;patchtst_global;PRMB;all;all;0.15;0.43218453;0.0779798;0.06482768;0.01169697;0.0;1.0;1.0
selector_rule_based;2023-03-31;2022-12-31;patchtst_global;patchtst_global;RTKM;all;all;0.15;0.36418359;0.17216057;0.05462754;0.02582409;0.0;1.0;1.0
selector_rule_based;2023-03-31;2022-12-31;patchtst_global;patchtst_global;RTKMP;all;all;0.15;0.3682383;0.23927393;0.05523575;0.03589109;0.0;1.0;1.0
selector_rule_based;2023-03-31;2022-12-31;patchtst_global;patchtst_global;SARE;all;all;0.07816948;0.34423478;1.04689864;0.02690865;0.08183552;0.0;1.0;1.0
selector_rule_based;2023-03-31;2022-12-31;patchtst_global;patchtst_global;UTAR;all;all;0.15;0.38433734;0.11858191;0.0576506;0.01778729;0.0;1.0;1.0
selector_rule_based;2023-03-31;2022-12-31;patchtst_global;patchtst_global;VSMO;all;all;0.15;0.38851122;0.06491394;0.05827668;0.00973709;0.0;1.0;1.0
selector_composite;2023-03-31;2022-12-31;catboost_lags_regimes;catboost_lags_regimes;BISVP;all;all;0.09318893;0.17115277;0.20327869;0.01594954;0.01894332;0.0;1.0;1.0
selector_composite;2023-03-31;2022-12-31;catboost_lags_regimes;catboost_lags_regimes;KAZTP;all;all;0.01308708;0.17598286;0.13494923;0.0023031;0.00176609;0.0;1.0;1.0
selector_composite;2023-03-31;2022-12-31;catboost_lags_regimes;catboost_lags_regimes;LVHK;all;all;0.01796252;0.18285017;0.41450732;0.00328445;0.0074456;0.0;1.0;1.0
selector_composite;2023-03-31;2022-12-31;catboost_lags_regimes;catboost_lags_regimes;MAGE;all;all;0.15;0.17349661;0.07485605;0.02602449;0.01122841;0.0;1.0;1.0
selector_composite;2023-03-31;2022-12-31;catboost_lags_regimes;catboost_lags_regimes;MAGEP;all;all;0.15;0.18806047;0.22038567;0.02820907;0.03305785;0.0;1.0;1.0
selector_composite;2023-03-31;2022-12-31;catboost_lags_regimes;catboost_lags_regimes;PMSBP;all;all;0.15;0.19454272;0.27904538;0.02918141;0.04185681;0.0;1.0;1.0
selector_composite;2023-03-31;2022-12-31;catboost_lags_regimes;catboost_lags_regimes;PRMB;all;all;0.11426269;0.17905084;0.0779798;0.02045883;0.00891018;0.0;1.0;1.0
selector_composite;2023-03-31;2022-12-31;catboost_lags_regimes;catboost_lags_regimes;RTKMP;all;all;0.15;0.17831066;0.23927393;0.0267466;0.03589109;0.0;1.0;1.0
selector_composite;2023-03-31;2022-12-31;catboost_lags_regimes;catboost_lags_regimes;SVAV;all;all;0.15;0.17322368;1.28581775;0.02598355;0.19287266;0.0;1.0;1.0
selector_composite;2023-03-31;2022-12-31;catboost_lags_regimes;catboost_lags_regimes;WTCMP;all;all;0.01149878;0.17111516;0.1066511;0.00196762;0.00122636;0.0;1.0;1.0
always_linear;2023-06-30;2023-03-31;ridge;ridge;BISVP;all;all;0.15;0.19116005;0.35471718;0.02867401;0.05320758;0.0;0.0;1.0
always_linear;2023-06-30;2023-03-31;ridge;ridge;GEMA;all;all;0.12920501;0.16731801;0.14591087;0.02161833;0.01885242;0.0;0.0;1.0
always_linear;2023-06-30;2023-03-31;ridge;ridge;MFGS;all;all;0.1382525;0.16784948;0.34834123;0.02320561;0.04815905;0.0;0.0;1.0
always_linear;2023-06-30;2023-03-31;ridge;ridge;PRMB;all;all;0.15;0.17711234;0.0923913;0.02656685;0.0138587;0.0;0.0;1.0
always_linear;2023-06-30;2023-03-31;ridge;ridge;RUSI;all;all;0.05552737;0.16166802;0.2967033;0.008977;0.01647515;0.0;0.0;1.0
always_linear;2023-06-30;2023-03-31;ridge;ridge;UTAR;all;all;0.15;0.1663978;0.67759563;0.02495967;0.10163934;0.0;0.0;1.0
always_linear;2023-06-30;2023-03-31;ridge;ridge;WTCMP;all;all;0.15;0.1947688;0.18961625;0.02921532;0.02844244;0.0;0.0;1.0
always_linear;2023-06-30;2023-03-31;ridge;ridge;YKENP;all;all;0.07701513;0.18715865;0.55234657;0.01441405;0.04253904;0.0;0.0;1.0
always_transformer;2023-06-30;2023-03-31;patchtst_global;patchtst_global;ARSA;all;all;0.15;0.51677357;0.49441341;0.07751603;0.07416201;0.0;0.0;1.0
always_transformer;2023-06-30;2023-03-31;patchtst_global;patchtst_global;CHGZ;all;all;0.15;0.48666796;0.609375;0.07300019;0.09140625;0.0;0.0;1.0
always_transformer;2023-06-30;2023-03-31;patchtst_global;patchtst_global;LVHK;all;all;0.15;0.51201668;1.28581775;0.0768025;0.19287266;0.0;0.0;1.0
always_transformer;2023-06-30;2023-03-31;patchtst_global;patchtst_global;PRMB;all;all;0.15;0.46892257;0.0923913;0.07033839;0.0138587;0.0;0.0;1.0
always_transformer;2023-06-30;2023-03-31;patchtst_global;patchtst_global;RDRB;all;all;0.15;0.48266688;-0.12334802;0.07240003;-0.0185022;0.0;0.0;1.0
always_transformer;2023-06-30;2023-03-31;patchtst_global;patchtst_global;RUSI;all;all;0.15;0.45586587;0.2967033;0.06837988;0.04450549;0.0;0.0;1.0
always_transformer;2023-06-30;2023-03-31;patchtst_global;patchtst_global;WTCMP;all;all;0.1;0.45637748;0.18961625;0.04563775;0.01896163;0.0;0.0;1.0
selector_rule_based;2023-06-30;2023-03-31;patchtst_global;patchtst_global;ARSA;all;all;0.15;0.51677357;0.49441341;0.07751603;0.07416201;0.0;0.0;1.0
selector_rule_based;2023-06-30;2023-03-31;patchtst_global;patchtst_global;CHGZ;all;all;0.15;0.48666796;0.609375;0.07300019;0.09140625;0.0;0.0;1.0
selector_rule_based;2023-06-30;2023-03-31;patchtst_global;patchtst_global;LVHK;all;all;0.15;0.51201668;1.28581775;0.0768025;0.19287266;0.0;0.0;1.0
selector_rule_based;2023-06-30;2023-03-31;patchtst_global;patchtst_global;PRMB;all;all;0.15;0.46892257;0.0923913;0.07033839;0.0138587;0.0;0.0;1.0
selector_rule_based;2023-06-30;2023-03-31;patchtst_global;patchtst_global;RDRB;all;all;0.15;0.48266688;-0.12334802;0.07240003;-0.0185022;0.0;0.0;1.0
selector_rule_based;2023-06-30;2023-03-31;patchtst_global;patchtst_global;RUSI;all;all;0.15;0.45586587;0.2967033;0.06837988;0.04450549;0.0;0.0;1.0
selector_rule_based;2023-06-30;2023-03-31;patchtst_global;patchtst_global;WTCMP;all;all;0.1;0.45637748;0.18961625;0.04563775;0.01896163;0.0;0.0;1.0
selector_composite;2023-06-30;2023-03-31;kalman_tvp;kalman_tvp;ARSA;all;all;0.15;0.33342282;0.49441341;0.05001342;0.07416201;0.0;0.0;1.0
selector_composite;2023-06-30;2023-03-31;kalman_tvp;kalman_tvp;BISVP;all;all;0.15;0.33697274;0.35471718;0.05054591;0.05320758;0.0;0.0;1.0
selector_composite;2023-06-30;2023-03-31;kalman_tvp;kalman_tvp;CHGZ;all;all;0.15;0.3642146;0.609375;0.05463219;0.09140625;0.0;0.0;1.0
selector_composite;2023-06-30;2023-03-31;kalman_tvp;kalman_tvp;DZRDP;all;all;0.04197516;0.32546307;0.60237389;0.01366137;0.02528474;0.0;0.0;1.0
selector_composite;2023-06-30;2023-03-31;kalman_tvp;kalman_tvp;KGKCP;all;all;0.15;0.34259214;-0.08911224;0.05138882;-0.01336684;0.0;0.0;1.0
selector_composite;2023-06-30;2023-03-31;kalman_tvp;kalman_tvp;MAGEP;all;all;0.05802484;0.36966147;0.1241535;0.02144955;0.00720399;0.0;0.0;1.0
selector_composite;2023-06-30;2023-03-31;kalman_tvp;kalman_tvp;WTCMP;all;all;0.15;0.34661451;0.18961625;0.05199218;0.02844244;0.0;0.0;1.0
selector_composite;2023-06-30;2023-03-31;kalman_tvp;kalman_tvp;YKENP;all;all;0.15;0.37076414;0.55234657;0.05561462;0.08285199;0.0;0.0;1.0
always_linear;2023-09-30;2023-06-30;ridge;ridge;BISVP;all;all;0.15;0.22502628;0.00672495;0.03375394;0.00100874;1.0;0.0;1.0
always_linear;2023-09-30;2023-06-30;ridge;ridge;GEMA;all;all;0.15;0.26559362;-0.09465063;0.03983904;-0.01419759;1.0;0.0;1.0
always_linear;2023-09-30;2023-06-30;ridge;ridge;KRKN;all;all;0.04341659;0.23687221;-0.18411552;0.01028418;-0.00799367;1.0;0.0;1.0
always_linear;2023-09-30;2023-06-30;ridge;ridge;MAGE;all;all;0.15;0.24966577;-0.25070822;0.03744987;-0.03760623;1.0;0.0;1.0
always_linear;2023-09-30;2023-06-30;ridge;ridge;MFGS;all;all;0.1096879;0.21217503;-0.26889279;0.02327303;-0.02949429;1.0;0.0;1.0
always_linear;2023-09-30;2023-06-30;ridge;ridge;PRMB;all;all;0.15;0.26059017;-0.15920398;0.03908853;-0.0238806;1.0;0.0;1.0
always_linear;2023-09-30;2023-06-30;ridge;ridge;RUSI;all;all;0.09689551;0.23753064;0.33171913;0.02301565;0.03214209;1.0;0.0;1.0
always_linear;2023-09-30;2023-06-30;ridge;ridge;WTCMP;all;all;0.15;0.25051437;-0.11005693;0.03757716;-0.01650854;1.0;0.0;1.0
always_transformer;2023-09-30;2023-06-30;patchtst_global;patchtst_global;ARSA;all;all;0.15;0.55988285;0.02803738;0.08398243;0.00420561;1.0;0.0;1.0
always_transformer;2023-09-30;2023-06-30;patchtst_global;patchtst_global;CHGZ;all;all;0.15;0.59016144;0.66262136;0.08852422;0.0993932;1.0;0.0;1.0
always_transformer;2023-09-30;2023-06-30;patchtst_global;patchtst_global;KGKC;all;all;0.15;0.57517242;-0.1942029;0.08627586;-0.02913043;1.0;0.0;1.0
always_transformer;2023-09-30;2023-06-30;patchtst_global;patchtst_global;KGKCP;all;all;0.15;0.47581636;-0.15503876;0.07137245;-0.02325581;1.0;0.0;1.0
always_transformer;2023-09-30;2023-06-30;patchtst_global;patchtst_global;KRSBP;all;all;0.1;0.52748937;-0.1875;0.05274894;-0.01875;1.0;0.0;1.0
always_transformer;2023-09-30;2023-06-30;patchtst_global;patchtst_global;MAGE;all;all;0.15;0.50791337;-0.25070822;0.07618701;-0.03760623;1.0;0.0;1.0
always_transformer;2023-09-30;2023-06-30;patchtst_global;patchtst_global;YKENP;all;all;0.15;0.59858086;-0.05426357;0.08978713;-0.00813953;1.0;0.0;1.0
selector_rule_based;2023-09-30;2023-06-30;patchtst_global;patchtst_global;ARSA;all;all;0.15;0.55988285;0.02803738;0.08398243;0.00420561;1.0;0.0;1.0
selector_rule_based;2023-09-30;2023-06-30;patchtst_global;patchtst_global;CHGZ;all;all;0.15;0.59016144;0.66262136;0.08852422;0.0993932;1.0;0.0;1.0
selector_rule_based;2023-09-30;2023-06-30;patchtst_global;patchtst_global;KGKC;all;all;0.15;0.57517242;-0.1942029;0.08627586;-0.02913043;1.0;0.0;1.0
selector_rule_based;2023-09-30;2023-06-30;patchtst_global;patchtst_global;KGKCP;all;all;0.15;0.47581636;-0.15503876;0.07137245;-0.02325581;1.0;0.0;1.0
selector_rule_based;2023-09-30;2023-06-30;patchtst_global;patchtst_global;KRSBP;all;all;0.1;0.52748937;-0.1875;0.05274894;-0.01875;1.0;0.0;1.0
selector_rule_based;2023-09-30;2023-06-30;patchtst_global;patchtst_global;MAGE;all;all;0.15;0.50791337;-0.25070822;0.07618701;-0.03760623;1.0;0.0;1.0
selector_rule_based;2023-09-30;2023-06-30;patchtst_global;patchtst_global;YKENP;all;all;0.15;0.59858086;-0.05426357;0.08978713;-0.00813953;1.0;0.0;1.0
selector_composite;2023-09-30;2023-06-30;kalman_tvp;kalman_tvp;CHGZ;all;all;0.15;0.32482486;0.66262136;0.04872373;0.0993932;1.0;0.0;1.0
selector_composite;2023-09-30;2023-06-30;kalman_tvp;kalman_tvp;KGKC;all;all;0.15;0.36144531;-0.1942029;0.0542168;-0.02913043;1.0;0.0;1.0
selector_composite;2023-09-30;2023-06-30;kalman_tvp;kalman_tvp;KRKN;all;all;0.15;0.27990558;-0.18411552;0.04198584;-0.02761733;1.0;0.0;1.0
selector_composite;2023-09-30;2023-06-30;kalman_tvp;kalman_tvp;KRSBP;all;all;0.15;0.32736262;-0.1875;0.04910439;-0.028125;1.0;0.0;1.0
selector_composite;2023-09-30;2023-06-30;kalman_tvp;kalman_tvp;PRMB;all;all;0.15;0.30156618;-0.15920398;0.04523493;-0.0238806;1.0;0.0;1.0
selector_composite;2023-09-30;2023-06-30;kalman_tvp;kalman_tvp;RDRB;all;all;0.00698594;0.25580709;-0.14070352;0.00178705;-0.00098295;1.0;0.0;1.0
selector_composite;2023-09-30;2023-06-30;kalman_tvp;kalman_tvp;RTGZ;all;all;0.10745989;0.26576469;-0.12643678;0.02855904;-0.01358688;1.0;0.0;1.0
selector_composite;2023-09-30;2023-06-30;kalman_tvp;kalman_tvp;VJGZP;all;all;0.13555416;0.28734832;0.00911577;0.03895126;0.00123568;1.0;0.0;1.0
always_linear;2023-12-31;2023-09-30;ridge;ridge;BISVP;all;all;0.15;0.05129786;0.01803607;0.00769468;0.00270541;0.0;0.0;1.0
always_linear;2023-12-31;2023-09-30;ridge;ridge;GEMA;all;all;0.15;0.03962018;-0.5083828;0.00594303;-0.07625742;0.0;0.0;1.0
always_linear;2023-12-31;2023-09-30;ridge;ridge;KGKCP;all;all;0.15;0.04789636;0.15137615;0.00718445;0.02270642;0.0;0.0;1.0
always_linear;2023-12-31;2023-09-30;ridge;ridge;KRKN;all;all;0.05953372;0.04250209;0.16371681;0.00253031;0.00974667;0.0;0.0;1.0
always_linear;2023-12-31;2023-09-30;ridge;ridge;PRMB;all;all;0.15;0.04144214;0.21893491;0.00621632;0.03284024;0.0;0.0;1.0
always_linear;2023-12-31;2023-09-30;ridge;ridge;RDRB;all;all;0.01342401;0.03832539;0.1871345;0.00051448;0.00251209;0.0;0.0;1.0
always_linear;2023-12-31;2023-09-30;ridge;ridge;RTGZ;all;all;0.15;0.04512803;0.01644737;0.0067692;0.00246711;0.0;0.0;1.0
always_linear;2023-12-31;2023-09-30;ridge;ridge;VJGZP;all;all;0.02704228;0.03936521;0.36766034;0.00106452;0.00994237;0.0;0.0;1.0
always_linear;2023-12-31;2023-09-30;ridge;ridge;WTCMP;all;all;0.15;0.05302175;0.23027719;0.00795326;0.03454158;0.0;0.0;1.0
always_transformer;2023-12-31;2023-09-30;patchtst_global;patchtst_global;CBOM;all;all;0.15;-0.08451788;-0.04643079;-0.01267768;-0.00696462;0.0;0.0;1.0
always_transformer;2023-12-31;2023-09-30;patchtst_global;patchtst_global;GAZP;all;all;0.15;-0.08168223;-0.01441825;-0.01225233;-0.00216274;0.0;0.0;1.0
always_transformer;2023-12-31;2023-09-30;patchtst_global;patchtst_global;GMKN;all;all;0.15;-0.07652207;-0.06566906;-0.01147831;-0.00985036;0.0;0.0;1.0
always_transformer;2023-12-31;2023-09-30;patchtst_global;patchtst_global;MTSS;all;all;0.08579092;-0.08610306;0.19863152;-0.00738686;0.01704078;0.0;0.0;1.0
always_transformer;2023-12-31;2023-09-30;patchtst_global;patchtst_global;PHOR;all;all;0.15;-0.07621999;0.00576894;-0.011433;0.00086534;0.0;0.0;1.0
always_transformer;2023-12-31;2023-09-30;patchtst_global;patchtst_global;POSI;all;all;0.02554193;-0.08047797;0.38241186;-0.00205556;0.00976754;0.0;0.0;1.0
always_transformer;2023-12-31;2023-09-30;patchtst_global;patchtst_global;RUAL;all;all;0.13866715;-0.0804381;-0.00102896;-0.01115412;-0.00014268;0.0;0.0;1.0
always_transformer;2023-12-31;2023-09-30;patchtst_global;patchtst_global;UWGN;all;all;0.15;-0.03955364;0.32524272;-0.00593305;0.04878641;0.0;0.0;1.0
selector_rule_based;2023-12-31;2023-09-30;patchtst_global;patchtst_global;CBOM;all;all;0.15;-0.08451788;-0.04643079;-0.01267768;-0.00696462;0.0;0.0;1.0
selector_rule_based;2023-12-31;2023-09-30;patchtst_global;patchtst_global;GAZP;all;all;0.15;-0.08168223;-0.01441825;-0.01225233;-0.00216274;0.0;0.0;1.0
selector_rule_based;2023-12-31;2023-09-30;patchtst_global;patchtst_global;GMKN;all;all;0.15;-0.07652207;-0.06566906;-0.01147831;-0.00985036;0.0;0.0;1.0
selector_rule_based;2023-12-31;2023-09-30;patchtst_global;patchtst_global;MTSS;all;all;0.08579092;-0.08610306;0.19863152;-0.00738686;0.01704078;0.0;0.0;1.0
selector_rule_based;2023-12-31;2023-09-30;patchtst_global;patchtst_global;PHOR;all;all;0.15;-0.07621999;0.00576894;-0.011433;0.00086534;0.0;0.0;1.0
selector_rule_based;2023-12-31;2023-09-30;patchtst_global;patchtst_global;POSI;all;all;0.02554193;-0.08047797;0.38241186;-0.00205556;0.00976754;0.0;0.0;1.0
selector_rule_based;2023-12-31;2023-09-30;patchtst_global;patchtst_global;RUAL;all;all;0.13866715;-0.0804381;-0.00102896;-0.01115412;-0.00014268;0.0;0.0;1.0
selector_rule_based;2023-12-31;2023-09-30;patchtst_global;patchtst_global;UWGN;all;all;0.15;-0.03955364;0.32524272;-0.00593305;0.04878641;0.0;0.0;1.0
selector_composite;2023-12-31;2023-09-30;kalman_tvp;kalman_tvp;BSPBP;all;all;0.15;-0.16849094;0.19773429;-0.02527364;0.02966014;0.0;0.0;1.0
selector_composite;2023-12-31;2023-09-30;kalman_tvp;kalman_tvp;DVEC;all;all;0.08319935;-0.16467242;0.04118565;-0.01370064;0.00342662;0.0;0.0;1.0
selector_composite;2023-12-31;2023-09-30;kalman_tvp;kalman_tvp;IGST;all;all;0.15;-0.16988612;0.07857143;-0.02548292;0.01178571;0.0;0.0;1.0
selector_composite;2023-12-31;2023-09-30;kalman_tvp;kalman_tvp;KUZB;all;all;0.15;-0.16415633;0.28586498;-0.02462345;0.04287975;0.0;0.0;1.0
selector_composite;2023-12-31;2023-09-30;kalman_tvp;kalman_tvp;NKHP;all;all;0.07259985;-0.153207;0.04423949;-0.0111228;0.00321178;0.0;0.0;1.0
selector_composite;2023-12-31;2023-09-30;kalman_tvp;kalman_tvp;OMZZP;all;all;0.15;-0.16023332;0.43604651;-0.024035;0.06540698;0.0;0.0;1.0
selector_composite;2023-12-31;2023-09-30;kalman_tvp;kalman_tvp;RKKE;all;all;0.0459109;-0.14194954;0.05090312;-0.00651703;0.00233701;0.0;0.0;1.0
selector_composite;2023-12-31;2023-09-30;kalman_tvp;kalman_tvp;ROLO;all;all;0.15;-0.15824855;-0.04201954;-0.02373728;-0.00630293;0.0;0.0;1.0
selector_composite;2023-12-31;2023-09-30;kalman_tvp;kalman_tvp;TASB;all;all;0.04828991;-0.16796977;0.4235706;-0.00811124;0.02045419;0.0;0.0;1.0
always_linear;2024-03-31;2023-12-31;ridge;ridge;BISVP;all;all;0.15;0.0602027;-0.16535433;0.0090304;-0.02480315;0.0;0.0;1.0
always_linear;2024-03-31;2023-12-31;ridge;ridge;INGR;all;all;0.15;0.03935773;-0.0556456;0.00590366;-0.00834684;0.0;0.0;1.0
always_linear;2024-03-31;2023-12-31;ridge;ridge;KAZTP;all;all;0.15;0.03975978;-0.14410466;0.00596397;-0.0216157;0.0;0.0;1.0
always_linear;2024-03-31;2023-12-31;ridge;ridge;KGKCP;all;all;0.15;0.05344058;0.09163347;0.00801609;0.01374502;0.0;0.0;1.0
always_linear;2024-03-31;2023-12-31;ridge;ridge;KRKN;all;all;0.05731169;0.04933681;-0.15209125;0.00282758;-0.00871661;0.0;0.0;1.0
always_linear;2024-03-31;2023-12-31;ridge;ridge;MFGSP;all;all;0.15;0.05026497;-0.00169492;0.00753975;-0.00025424;0.0;0.0;1.0
always_linear;2024-03-31;2023-12-31;ridge;ridge;RTGZ;all;all;0.10763427;0.03930831;0.19417476;0.00423092;0.02089986;0.0;0.0;1.0
always_linear;2024-03-31;2023-12-31;ridge;ridge;WTCMP;all;all;0.08505404;0.04223028;-0.04704005;0.00359186;-0.00400095;0.0;0.0;1.0
always_transformer;2024-03-31;2023-12-31;patchtst_global;patchtst_global;GEMA;all;all;0.15;0.07802485;-0.12111316;0.01170373;-0.01816697;0.0;0.0;1.0
always_transformer;2024-03-31;2023-12-31;patchtst_global;patchtst_global;KOGK;all;all;0.09306665;0.07097746;-0.08677327;0.00660563;-0.0080757;0.0;0.0;1.0
always_transformer;2024-03-31;2023-12-31;patchtst_global;patchtst_global;RDRB;all;all;0.15;0.06621733;-0.08239786;0.0099326;-0.01235968;0.0;0.0;1.0
always_transformer;2024-03-31;2023-12-31;patchtst_global;patchtst_global;RTGZ;all;all;0.15;0.06419551;0.19417476;0.00962933;0.02912621;0.0;0.0;1.0
always_transformer;2024-03-31;2023-12-31;patchtst_global;patchtst_global;RUSI;all;all;0.15;0.06613641;-0.23232323;0.00992046;-0.03484848;0.0;0.0;1.0
always_transformer;2024-03-31;2023-12-31;patchtst_global;patchtst_global;UKUZ;all;all;0.03617598;0.06719548;-0.12634088;0.00243086;-0.0045705;0.0;0.0;1.0
always_transformer;2024-03-31;2023-12-31;patchtst_global;patchtst_global;WTCM;all;all;0.12075738;0.076703;-0.04164568;0.00926245;-0.00502902;0.0;0.0;1.0
always_transformer;2024-03-31;2023-12-31;patchtst_global;patchtst_global;WTCMP;all;all;0.15;0.0714634;-0.04704005;0.01071951;-0.00705601;0.0;0.0;1.0
selector_rule_based;2024-03-31;2023-12-31;patchtst_global;patchtst_global;GEMA;all;all;0.15;0.07802485;-0.12111316;0.01170373;-0.01816697;0.0;0.0;1.0
selector_rule_based;2024-03-31;2023-12-31;patchtst_global;patchtst_global;KOGK;all;all;0.09306665;0.07097746;-0.08677327;0.00660563;-0.0080757;0.0;0.0;1.0
selector_rule_based;2024-03-31;2023-12-31;patchtst_global;patchtst_global;RDRB;all;all;0.15;0.06621733;-0.08239786;0.0099326;-0.01235968;0.0;0.0;1.0
selector_rule_based;2024-03-31;2023-12-31;patchtst_global;patchtst_global;RTGZ;all;all;0.15;0.06419551;0.19417476;0.00962933;0.02912621;0.0;0.0;1.0
selector_rule_based;2024-03-31;2023-12-31;patchtst_global;patchtst_global;RUSI;all;all;0.15;0.06613641;-0.23232323;0.00992046;-0.03484848;0.0;0.0;1.0
selector_rule_based;2024-03-31;2023-12-31;patchtst_global;patchtst_global;UKUZ;all;all;0.03617598;0.06719548;-0.12634088;0.00243086;-0.0045705;0.0;0.0;1.0
selector_rule_based;2024-03-31;2023-12-31;patchtst_global;patchtst_global;WTCM;all;all;0.12075738;0.076703;-0.04164568;0.00926245;-0.00502902;0.0;0.0;1.0
selector_rule_based;2024-03-31;2023-12-31;patchtst_global;patchtst_global;WTCMP;all;all;0.15;0.0714634;-0.04704005;0.01071951;-0.00705601;0.0;0.0;1.0
selector_composite;2024-03-31;2023-12-31;kalman_tvp;kalman_tvp;BISVP;all;all;0.15;0.07636145;-0.16535433;0.01145422;-0.02480315;0.0;0.0;1.0
selector_composite;2024-03-31;2023-12-31;kalman_tvp;kalman_tvp;JNOSP;all;all;0.03476094;0.06444345;-0.13027295;0.00224011;-0.00452841;0.0;0.0;1.0
selector_composite;2024-03-31;2023-12-31;kalman_tvp;kalman_tvp;KGKCP;all;all;0.15;0.06701395;0.09163347;0.01005209;0.01374502;0.0;0.0;1.0
selector_composite;2024-03-31;2023-12-31;kalman_tvp;kalman_tvp;KOGK;all;all;0.15;0.04961392;-0.08677327;0.00744209;-0.01301599;0.0;0.0;1.0
selector_composite;2024-03-31;2023-12-31;kalman_tvp;kalman_tvp;KRKN;all;all;0.15;0.05631737;-0.15209125;0.00844761;-0.02281369;0.0;0.0;1.0
selector_composite;2024-03-31;2023-12-31;kalman_tvp;kalman_tvp;KRSBP;all;all;0.04994829;0.06014677;-0.1756538;0.00300423;-0.00877361;0.0;0.0;1.0
selector_composite;2024-03-31;2023-12-31;kalman_tvp;kalman_tvp;MAGEP;all;all;0.11179393;0.05788303;-0.1725;0.00647097;-0.01928445;0.0;0.0;1.0
selector_composite;2024-03-31;2023-12-31;kalman_tvp;kalman_tvp;MFGSP;all;all;0.15;0.06321471;-0.00169492;0.00948221;-0.00025424;0.0;0.0;1.0
selector_composite;2024-03-31;2023-12-31;kalman_tvp;kalman_tvp;URKZ;all;all;0.05349684;0.0518132;-0.07768595;0.00277184;-0.00415595;0.0;0.0;1.0
always_linear;2024-06-30;2024-03-31;ridge;ridge;BISVP;all;all;0.15;0.02267856;-0.15291395;0.00340178;-0.02293709;0.0;0.0;1.0
always_linear;2024-06-30;2024-03-31;ridge;ridge;JNOSP;all;all;0.04654015;0.02267729;-0.05067469;0.0010554;-0.00235841;0.0;0.0;1.0
always_linear;2024-06-30;2024-03-31;ridge;ridge;KGKCP;all;all;0.15;0.02093996;0.02913765;0.00314099;0.00437065;0.0;0.0;1.0
always_linear;2024-06-30;2024-03-31;ridge;ridge;KRKN;all;all;0.15;0.01854501;-0.03139013;0.00278175;-0.00470852;0.0;0.0;1.0
always_linear;2024-06-30;2024-03-31;ridge;ridge;MAGEP;all;all;0.05345985;0.02621972;-0.13595166;0.0014017;-0.00726796;0.0;0.0;1.0
always_linear;2024-06-30;2024-03-31;ridge;ridge;MFGSP;all;all;0.15;0.01663287;-0.15449915;0.00249493;-0.02317487;0.0;0.0;1.0
always_linear;2024-06-30;2024-03-31;ridge;ridge;RTGZ;all;all;0.15;0.01835619;-0.04878049;0.00275343;-0.00731707;0.0;0.0;1.0
always_linear;2024-06-30;2024-03-31;ridge;ridge;WTCMP;all;all;0.15;0.02035206;-0.08445298;0.00305281;-0.01266795;0.0;0.0;1.0
always_transformer;2024-06-30;2024-03-31;patchtst_global;patchtst_global;BELU;all;all;0.02403549;0.02308748;-0.05139449;0.00055492;-0.00123529;0.0;0.0;1.0
always_transformer;2024-06-30;2024-03-31;patchtst_global;patchtst_global;BISVP;all;all;0.08518979;0.02665275;-0.15291395;0.00227054;-0.01302671;0.0;0.0;1.0
always_transformer;2024-06-30;2024-03-31;patchtst_global;patchtst_global;CBOM;all;all;0.15;0.01603232;-0.15548622;0.00240485;-0.02332293;0.0;0.0;1.0
always_transformer;2024-06-30;2024-03-31;patchtst_global;patchtst_global;GMKN;all;all;0.15;0.02241152;-0.12992611;0.00336173;-0.01948892;0.0;0.0;1.0
always_transformer;2024-06-30;2024-03-31;patchtst_global;patchtst_global;MOEX;all;all;0.01114012;0.01826621;-0.05168049;0.00020349;-0.00057573;0.0;0.0;1.0
always_transformer;2024-06-30;2024-03-31;patchtst_global;patchtst_global;MSRS;all;all;0.15;0.01689705;0.06601922;0.00253456;0.00990288;0.0;0.0;1.0
always_transformer;2024-06-30;2024-03-31;patchtst_global;patchtst_global;RTKMP;all;all;0.15;0.02184586;-0.03381442;0.00327688;-0.00507216;0.0;0.0;1.0
always_transformer;2024-06-30;2024-03-31;patchtst_global;patchtst_global;SPBE;all;all;0.02273492;0.01838628;-0.0496988;0.00041801;-0.0011299;0.0;0.0;1.0
always_transformer;2024-06-30;2024-03-31;patchtst_global;patchtst_global;TATNP;all;all;0.13010338;0.02491659;-0.02802207;0.00324173;-0.00364577;0.0;0.0;1.0
always_transformer;2024-06-30;2024-03-31;patchtst_global;patchtst_global;TRNFP;all;all;0.12679629;0.02654459;-0.03273178;0.00336576;-0.00415027;0.0;0.0;1.0
selector_rule_based;2024-06-30;2024-03-31;patchtst_global;patchtst_global;BELU;all;all;0.02403549;0.02308748;-0.05139449;0.00055492;-0.00123529;0.0;0.0;1.0
selector_rule_based;2024-06-30;2024-03-31;patchtst_global;patchtst_global;BISVP;all;all;0.08518979;0.02665275;-0.15291395;0.00227054;-0.01302671;0.0;0.0;1.0
selector_rule_based;2024-06-30;2024-03-31;patchtst_global;patchtst_global;CBOM;all;all;0.15;0.01603232;-0.15548622;0.00240485;-0.02332293;0.0;0.0;1.0
selector_rule_based;2024-06-30;2024-03-31;patchtst_global;patchtst_global;GMKN;all;all;0.15;0.02241152;-0.12992611;0.00336173;-0.01948892;0.0;0.0;1.0
selector_rule_based;2024-06-30;2024-03-31;patchtst_global;patchtst_global;MOEX;all;all;0.01114012;0.01826621;-0.05168049;0.00020349;-0.00057573;0.0;0.0;1.0
selector_rule_based;2024-06-30;2024-03-31;patchtst_global;patchtst_global;MSRS;all;all;0.15;0.01689705;0.06601922;0.00253456;0.00990288;0.0;0.0;1.0
selector_rule_based;2024-06-30;2024-03-31;patchtst_global;patchtst_global;RTKMP;all;all;0.15;0.02184586;-0.03381442;0.00327688;-0.00507216;0.0;0.0;1.0
selector_rule_based;2024-06-30;2024-03-31;patchtst_global;patchtst_global;SPBE;all;all;0.02273492;0.01838628;-0.0496988;0.00041801;-0.0011299;0.0;0.0;1.0
selector_rule_based;2024-06-30;2024-03-31;patchtst_global;patchtst_global;TATNP;all;all;0.13010338;0.02491659;-0.02802207;0.00324173;-0.00364577;0.0;0.0;1.0
selector_rule_based;2024-06-30;2024-03-31;patchtst_global;patchtst_global;TRNFP;all;all;0.12679629;0.02654459;-0.03273178;0.00336576;-0.00415027;0.0;0.0;1.0
selector_composite;2024-06-30;2024-03-31;elastic_net;elastic_net;AKRN;all;all;0.15;0.01637561;0.02681206;0.00245634;0.00402181;0.0;0.0;1.0
selector_composite;2024-06-30;2024-03-31;elastic_net;elastic_net;ALRS;all;all;0.15;0.01649522;-0.23634053;0.00247428;-0.03545108;0.0;0.0;1.0
selector_composite;2024-06-30;2024-03-31;elastic_net;elastic_net;CBOM;all;all;0.15;0.01864301;-0.15548622;0.00279645;-0.02332293;0.0;0.0;1.0
selector_composite;2024-06-30;2024-03-31;elastic_net;elastic_net;INGR;all;all;0.15;0.0171153;-0.13157895;0.00256729;-0.01973684;0.0;0.0;1.0
selector_composite;2024-06-30;2024-03-31;elastic_net;elastic_net;IRAO;all;all;0.15;0.01749775;-0.02726115;0.00262466;-0.00408917;0.0;0.0;1.0
selector_composite;2024-06-30;2024-03-31;elastic_net;elastic_net;LKOH;all;all;0.05967484;0.01676044;-0.04673416;0.00100018;-0.00278885;0.0;0.0;1.0
selector_composite;2024-06-30;2024-03-31;elastic_net;elastic_net;PHOR;all;all;0.14215747;0.01662518;-0.01363714;0.00236339;-0.00193862;0.0;0.0;1.0
selector_composite;2024-06-30;2024-03-31;elastic_net;elastic_net;TATNP;all;all;0.04816769;0.01836763;-0.02802207;0.00088473;-0.00134976;0.0;0.0;1.0
always_linear;2024-09-30;2024-06-30;ridge;ridge;BISVP;all;all;0.15;-0.01845589;-0.08481262;-0.00276838;-0.01272189;0.0;0.0;1.0
always_linear;2024-09-30;2024-06-30;ridge;ridge;GAZAP;all;all;0.00630261;-0.02300132;-0.09202454;-0.00014497;-0.00058;0.0;0.0;1.0
always_linear;2024-09-30;2024-06-30;ridge;ridge;JNOSP;all;all;0.15;-0.02226596;-0.15037594;-0.00333989;-0.02255639;0.0;0.0;1.0
always_linear;2024-09-30;2024-06-30;ridge;ridge;KGKCP;all;all;0.15;-0.02324089;-0.01968504;-0.00348613;-0.00295276;0.0;0.0;1.0
always_linear;2024-09-30;2024-06-30;ridge;ridge;KRKN;all;all;0.15;-0.025736;-0.15740741;-0.0038604;-0.02361111;0.0;0.0;1.0
always_linear;2024-09-30;2024-06-30;ridge;ridge;KRKOP;all;all;0.15;-0.02046002;0.01076923;-0.003069;0.00161538;0.0;0.0;1.0
always_linear;2024-09-30;2024-06-30;ridge;ridge;MAGEP;all;all;0.15;-0.02305716;-0.20629371;-0.00345857;-0.03094406;0.0;0.0;1.0
always_linear;2024-09-30;2024-06-30;ridge;ridge;YKENP;all;all;0.09369739;-0.02025076;-0.10560345;-0.00189744;-0.00989477;0.0;0.0;1.0
always_transformer;2024-09-30;2024-06-30;patchtst_global;patchtst_global;ARSA;all;all;0.10491144;-0.00022975;-0.13577236;-2.41e-05;-0.01424407;0.0;0.0;1.0
always_transformer;2024-09-30;2024-06-30;patchtst_global;patchtst_global;AVAN;all;all;0.15;-0.00424631;-0.14163916;-0.00063695;-0.02124587;0.0;0.0;1.0
always_transformer;2024-09-30;2024-06-30;patchtst_global;patchtst_global;PRMB;all;all;0.15;0.0013544;-0.1;0.00020316;-0.015;0.0;0.0;1.0
always_transformer;2024-09-30;2024-06-30;patchtst_global;patchtst_global;RDRB;all;all;0.07872517;-0.00076922;-0.1414791;-6.056e-05;-0.01113797;0.0;0.0;1.0
always_transformer;2024-09-30;2024-06-30;patchtst_global;patchtst_global;RTGZ;all;all;0.15;-0.00491379;0.24786325;-0.00073707;0.03717949;0.0;0.0;1.0
always_transformer;2024-09-30;2024-06-30;patchtst_global;patchtst_global;RUSI;all;all;0.15;-0.0058922;-0.29411765;-0.00088383;-0.04411765;0.0;0.0;1.0
always_transformer;2024-09-30;2024-06-30;patchtst_global;patchtst_global;SPBE;all;all;0.08779173;-0.00506774;0.01030111;-0.00044491;0.00090435;0.0;0.0;1.0
always_transformer;2024-09-30;2024-06-30;patchtst_global;patchtst_global;UWGN;all;all;0.09485219;0.01566545;-0.12987013;0.0014859;-0.01231847;0.0;0.0;1.0
always_transformer;2024-09-30;2024-06-30;patchtst_global;patchtst_global;VJGZP;all;all;0.03371946;-0.00293345;-0.13881748;-9.891e-05;-0.00468085;0.0;0.0;1.0
selector_rule_based;2024-09-30;2024-06-30;patchtst_global;patchtst_global;ARSA;all;all;0.10491144;-0.00022975;-0.13577236;-2.41e-05;-0.01424407;0.0;0.0;1.0
selector_rule_based;2024-09-30;2024-06-30;patchtst_global;patchtst_global;AVAN;all;all;0.15;-0.00424631;-0.14163916;-0.00063695;-0.02124587;0.0;0.0;1.0
selector_rule_based;2024-09-30;2024-06-30;patchtst_global;patchtst_global;PRMB;all;all;0.15;0.0013544;-0.1;0.00020316;-0.015;0.0;0.0;1.0
selector_rule_based;2024-09-30;2024-06-30;patchtst_global;patchtst_global;RDRB;all;all;0.07872517;-0.00076922;-0.1414791;-6.056e-05;-0.01113797;0.0;0.0;1.0
selector_rule_based;2024-09-30;2024-06-30;patchtst_global;patchtst_global;RTGZ;all;all;0.15;-0.00491379;0.24786325;-0.00073707;0.03717949;0.0;0.0;1.0
selector_rule_based;2024-09-30;2024-06-30;patchtst_global;patchtst_global;RUSI;all;all;0.15;-0.0058922;-0.29411765;-0.00088383;-0.04411765;0.0;0.0;1.0
selector_rule_based;2024-09-30;2024-06-30;patchtst_global;patchtst_global;SPBE;all;all;0.08779173;-0.00506774;0.01030111;-0.00044491;0.00090435;0.0;0.0;1.0
selector_rule_based;2024-09-30;2024-06-30;patchtst_global;patchtst_global;UWGN;all;all;0.09485219;0.01566545;-0.12987013;0.0014859;-0.01231847;0.0;0.0;1.0
selector_rule_based;2024-09-30;2024-06-30;patchtst_global;patchtst_global;VJGZP;all;all;0.03371946;-0.00293345;-0.13881748;-9.891e-05;-0.00468085;0.0;0.0;1.0
selector_composite;2024-09-30;2024-06-30;lasso;lasso;AMEZ;all;all;0.15;-0.03112089;-0.26236559;-0.00466813;-0.03935484;0.0;0.0;1.0
selector_composite;2024-09-30;2024-06-30;lasso;lasso;KCHEP;all;all;0.02206198;-0.0349867;-0.23943662;-0.00077188;-0.00528245;0.0;0.0;1.0
selector_composite;2024-09-30;2024-06-30;lasso;lasso;KUZB;all;all;0.0725964;-0.03512494;-0.05498721;-0.00254994;-0.00399187;0.0;0.0;1.0
selector_composite;2024-09-30;2024-06-30;lasso;lasso;MRKY;all;all;0.15;-0.03503328;-0.08457322;-0.00525499;-0.01268598;0.0;0.0;1.0
selector_composite;2024-09-30;2024-06-30;lasso;lasso;RBCM;all;all;0.15;-0.03513835;-0.26061443;-0.00527075;-0.03909216;0.0;0.0;1.0
selector_composite;2024-09-30;2024-06-30;lasso;lasso;SFIN;all;all;0.15;-0.03214755;0.22718266;-0.00482213;0.0340774;0.0;0.0;1.0
selector_composite;2024-09-30;2024-06-30;lasso;lasso;TASBP;all;all;0.00534162;-0.03169072;-0.15753425;-0.00016928;-0.00084149;0.0;0.0;1.0
selector_composite;2024-09-30;2024-06-30;lasso;lasso;TGKBP;all;all;0.15;-0.0355478;-0.27893368;-0.00533217;-0.04184005;0.0;0.0;1.0
selector_composite;2024-09-30;2024-06-30;lasso;lasso;TORS;all;all;0.15;-0.03549346;-0.20604396;-0.00532402;-0.03090659;0.0;0.0;1.0
always_linear;2024-12-31;2024-09-30;ridge;ridge;DZRD;all;all;0.02058683;-0.03769601;-0.01608911;-0.00077604;-0.00033122;1.0;0.0;1.0
always_linear;2024-12-31;2024-09-30;ridge;ridge;MAGEP;all;all;0.15;-0.04407569;0.11894273;-0.00661135;0.01784141;1.0;0.0;1.0
always_linear;2024-12-31;2024-09-30;ridge;ridge;RBCM;all;all;0.15;-0.04407567;0.36881419;-0.00661135;0.05532213;1.0;0.0;1.0
always_linear;2024-12-31;2024-09-30;ridge;ridge;SFIN;all;all;0.15;-0.04378921;0.06793003;-0.00656838;0.0101895;1.0;0.0;1.0
always_linear;2024-12-31;2024-09-30;ridge;ridge;STSB;all;all;0.07941317;-0.04382243;0.15281899;-0.00348008;0.01213584;1.0;0.0;1.0
always_linear;2024-12-31;2024-09-30;ridge;ridge;TGKBP;all;all;0.15;-0.04172701;0.06582507;-0.00625905;0.00987376;1.0;0.0;1.0
always_linear;2024-12-31;2024-09-30;ridge;ridge;VSYDP;all;all;0.15;-0.04198794;0.18471338;-0.00629819;0.02770701;1.0;0.0;1.0
always_linear;2024-12-31;2024-09-30;ridge;ridge;YKENP;all;all;0.15;-0.04484515;0.0;-0.00672677;0.0;1.0;0.0;1.0
always_transformer;2024-12-31;2024-09-30;patchtst_global;patchtst_global;AFLT;all;all;0.15;0.04834781;0.17897054;0.00725217;0.02684558;1.0;0.0;1.0
always_transformer;2024-12-31;2024-09-30;patchtst_global;patchtst_global;AVAN;all;all;0.15;0.05771586;0.18618619;0.00865738;0.02792793;1.0;0.0;1.0
always_transformer;2024-12-31;2024-09-30;patchtst_global;patchtst_global;CBOM;all;all;0.15;0.05326;-0.09915097;0.007989;-0.01487265;1.0;0.0;1.0
always_transformer;2024-12-31;2024-09-30;patchtst_global;patchtst_global;MOEX;all;all;0.15;0.06168704;0.00165646;0.00925306;0.00024847;1.0;0.0;1.0
always_transformer;2024-12-31;2024-09-30;patchtst_global;patchtst_global;PRMB;all;all;0.10725182;0.03451668;0.23703704;0.00370198;0.02542265;1.0;0.0;1.0
always_transformer;2024-12-31;2024-09-30;patchtst_global;patchtst_global;RENI;all;all;0.02556231;0.05564575;0.13538462;0.00142243;0.00346074;1.0;0.0;1.0
always_transformer;2024-12-31;2024-09-30;patchtst_global;patchtst_global;SBER;all;all;0.10408484;0.06396607;0.10839924;0.0066579;0.01128272;1.0;0.0;1.0
always_transformer;2024-12-31;2024-09-30;patchtst_global;patchtst_global;SPBE;all;all;0.01310102;0.04921047;1.02117647;0.00064471;0.01337846;1.0;0.0;1.0
always_transformer;2024-12-31;2024-09-30;patchtst_global;patchtst_global;VTBR;all;all;0.15;0.06070881;0.02411596;0.00910632;0.00361739;1.0;0.0;1.0
selector_rule_based;2024-12-31;2024-09-30;patchtst_global;patchtst_global;AFLT;all;all;0.15;0.04834781;0.17897054;0.00725217;0.02684558;1.0;0.0;1.0
selector_rule_based;2024-12-31;2024-09-30;patchtst_global;patchtst_global;AVAN;all;all;0.15;0.05771586;0.18618619;0.00865738;0.02792793;1.0;0.0;1.0
selector_rule_based;2024-12-31;2024-09-30;patchtst_global;patchtst_global;CBOM;all;all;0.15;0.05326;-0.09915097;0.007989;-0.01487265;1.0;0.0;1.0
selector_rule_based;2024-12-31;2024-09-30;patchtst_global;patchtst_global;MOEX;all;all;0.15;0.06168704;0.00165646;0.00925306;0.00024847;1.0;0.0;1.0
selector_rule_based;2024-12-31;2024-09-30;patchtst_global;patchtst_global;PRMB;all;all;0.10725182;0.03451668;0.23703704;0.00370198;0.02542265;1.0;0.0;1.0
selector_rule_based;2024-12-31;2024-09-30;patchtst_global;patchtst_global;RENI;all;all;0.02556231;0.05564575;0.13538462;0.00142243;0.00346074;1.0;0.0;1.0
selector_rule_based;2024-12-31;2024-09-30;patchtst_global;patchtst_global;SBER;all;all;0.10408484;0.06396607;0.10839924;0.0066579;0.01128272;1.0;0.0;1.0
selector_rule_based;2024-12-31;2024-09-30;patchtst_global;patchtst_global;SPBE;all;all;0.01310102;0.04921047;1.02117647;0.00064471;0.01337846;1.0;0.0;1.0
selector_rule_based;2024-12-31;2024-09-30;patchtst_global;patchtst_global;VTBR;all;all;0.15;0.06070881;0.02411596;0.00910632;0.00361739;1.0;0.0;1.0
selector_composite;2024-12-31;2024-09-30;ols;ols;DZRD;all;all;0.00682686;-0.03891725;-0.01608911;-0.00026568;-0.00010984;1.0;0.0;1.0
selector_composite;2024-12-31;2024-09-30;ols;ols;GAZAP;all;all;0.15;-0.04406269;0.27027027;-0.0066094;0.04054054;1.0;0.0;1.0
selector_composite;2024-12-31;2024-09-30;ols;ols;GEMA;all;all;0.15;-0.04424263;0.03079292;-0.00663639;0.00461894;1.0;0.0;1.0
selector_composite;2024-12-31;2024-09-30;ols;ols;LPSB;all;all;0.05902504;-0.03687569;0.0760095;-0.00217659;0.00448646;1.0;0.0;1.0
selector_composite;2024-12-31;2024-09-30;ols;ols;SFIN;all;all;0.15;-0.04644807;0.06793003;-0.00696721;0.0101895;1.0;0.0;1.0
selector_composite;2024-12-31;2024-09-30;ols;ols;STSB;all;all;0.03414809;-0.04460562;0.15281899;-0.0015232;0.00521848;1.0;0.0;1.0
selector_composite;2024-12-31;2024-09-30;ols;ols;TGKBP;all;all;0.15;-0.04605657;0.06582507;-0.00690848;0.00987376;1.0;0.0;1.0
selector_composite;2024-12-31;2024-09-30;ols;ols;VSYDP;all;all;0.15;-0.04003147;0.18471338;-0.00600472;0.02770701;1.0;0.0;1.0
selector_composite;2024-12-31;2024-09-30;ols;ols;YKENP;all;all;0.15;-0.0441093;0.0;-0.0066164;0.0;1.0;0.0;1.0
always_linear;2025-03-31;2024-12-31;ridge;ridge;BISVP;all;all;0.15;0.00517781;0.01991614;0.00077667;0.00298742;0.0;1.0;1.0
always_linear;2025-03-31;2024-12-31;ridge;ridge;GAZAP;all;all;0.15;0.00256634;-0.19148936;0.00038495;-0.0287234;0.0;1.0;1.0
always_linear;2025-03-31;2024-12-31;ridge;ridge;JNOSP;all;all;0.15;0.002959;-0.12543554;0.00044385;-0.01881533;0.0;1.0;1.0
always_linear;2025-03-31;2024-12-31;ridge;ridge;KGKCP;all;all;0.15;0.00667022;0.08949416;0.00100053;0.01342412;0.0;1.0;1.0
always_linear;2025-03-31;2024-12-31;ridge;ridge;KRKOP;all;all;0.15;0.00694922;-0.14647887;0.00104238;-0.02197183;0.0;1.0;1.0
always_linear;2025-03-31;2024-12-31;ridge;ridge;KROTP;all;all;0.14735931;0.00129038;-0.15841584;0.00019015;-0.02334405;0.0;1.0;1.0
always_linear;2025-03-31;2024-12-31;ridge;ridge;TGKBP;all;all;0.0927593;-0.0009901;-0.21235195;-9.184e-05;-0.01969762;0.0;1.0;1.0
always_linear;2025-03-31;2024-12-31;ridge;ridge;YKENP;all;all;0.00988139;-0.00049696;-0.15421687;-4.91e-06;-0.00152388;0.0;1.0;1.0
always_transformer;2025-03-31;2024-12-31;patchtst_global;patchtst_global;ARSA;all;all;0.15;0.17826631;-0.07410714;0.02673995;-0.01111607;0.0;1.0;1.0
always_transformer;2025-03-31;2024-12-31;patchtst_global;patchtst_global;AVAN;all;all;0.15;0.10422603;-0.14556962;0.0156339;-0.02183544;0.0;1.0;1.0
always_transformer;2025-03-31;2024-12-31;patchtst_global;patchtst_global;BRZL;all;all;0.04172996;0.10653954;-0.15873786;0.00444589;-0.00662413;0.0;1.0;1.0
always_transformer;2025-03-31;2024-12-31;patchtst_global;patchtst_global;GAZAP;all;all;0.11267132;0.15106461;-0.19148936;0.01702065;-0.02157536;0.0;1.0;1.0
always_transformer;2025-03-31;2024-12-31;patchtst_global;patchtst_global;KGKCP;all;all;0.09559871;0.12050168;0.08949416;0.01151981;0.00855553;0.0;1.0;1.0
always_transformer;2025-03-31;2024-12-31;patchtst_global;patchtst_global;NKNCP;all;all;0.15;0.10872041;-0.04615385;0.01630806;-0.00692308;0.0;1.0;1.0
always_transformer;2025-03-31;2024-12-31;patchtst_global;patchtst_global;PRMB;all;all;0.15;0.14213598;-0.17365269;0.0213204;-0.0260479;0.0;1.0;1.0
always_transformer;2025-03-31;2024-12-31;patchtst_global;patchtst_global;RDRB;all;all;0.15;0.15768211;-0.00653595;0.02365232;-0.00098039;0.0;1.0;1.0
selector_rule_based;2025-03-31;2024-12-31;patchtst_global;patchtst_global;ARSA;all;all;0.15;0.17826631;-0.07410714;0.02673995;-0.01111607;0.0;1.0;1.0
selector_rule_based;2025-03-31;2024-12-31;patchtst_global;patchtst_global;AVAN;all;all;0.15;0.10422603;-0.14556962;0.0156339;-0.02183544;0.0;1.0;1.0
selector_rule_based;2025-03-31;2024-12-31;patchtst_global;patchtst_global;BRZL;all;all;0.04172996;0.10653954;-0.15873786;0.00444589;-0.00662413;0.0;1.0;1.0
selector_rule_based;2025-03-31;2024-12-31;patchtst_global;patchtst_global;GAZAP;all;all;0.11267132;0.15106461;-0.19148936;0.01702065;-0.02157536;0.0;1.0;1.0
selector_rule_based;2025-03-31;2024-12-31;patchtst_global;patchtst_global;KGKCP;all;all;0.09559871;0.12050168;0.08949416;0.01151981;0.00855553;0.0;1.0;1.0
selector_rule_based;2025-03-31;2024-12-31;patchtst_global;patchtst_global;NKNCP;all;all;0.15;0.10872041;-0.04615385;0.01630806;-0.00692308;0.0;1.0;1.0
selector_rule_based;2025-03-31;2024-12-31;patchtst_global;patchtst_global;PRMB;all;all;0.15;0.14213598;-0.17365269;0.0213204;-0.0260479;0.0;1.0;1.0
selector_rule_based;2025-03-31;2024-12-31;patchtst_global;patchtst_global;RDRB;all;all;0.15;0.15768211;-0.00653595;0.02365232;-0.00098039;0.0;1.0;1.0
selector_composite;2025-03-31;2024-12-31;kalman_tvp;kalman_tvp;BISVP;all;all;0.15;0.09259903;0.01991614;0.01388985;0.00298742;0.0;1.0;1.0
selector_composite;2025-03-31;2024-12-31;kalman_tvp;kalman_tvp;JNOSP;all;all;0.04948539;0.0946003;-0.12543554;0.00468133;-0.00620723;0.0;1.0;1.0
selector_composite;2025-03-31;2024-12-31;kalman_tvp;kalman_tvp;KGKCP;all;all;0.15;0.12504341;0.08949416;0.01875651;0.01342412;0.0;1.0;1.0
selector_composite;2025-03-31;2024-12-31;kalman_tvp;kalman_tvp;KRKOP;all;all;0.15;0.10520838;-0.14647887;0.01578126;-0.02197183;0.0;1.0;1.0
selector_composite;2025-03-31;2024-12-31;kalman_tvp;kalman_tvp;KZOSP;all;all;0.15;0.08658443;-0.21068636;0.01298766;-0.03160295;0.0;1.0;1.0
selector_composite;2025-03-31;2024-12-31;kalman_tvp;kalman_tvp;MFGSP;all;all;0.15;0.08794494;-0.14541833;0.01319174;-0.02181275;0.0;1.0;1.0
selector_composite;2025-03-31;2024-12-31;kalman_tvp;kalman_tvp;NKNCP;all;all;0.15;0.08636632;-0.04615385;0.01295495;-0.00692308;0.0;1.0;1.0
selector_composite;2025-03-31;2024-12-31;kalman_tvp;kalman_tvp;WTCMP;all;all;0.01393176;0.0906701;-0.13333333;0.00126319;-0.00185757;0.0;1.0;1.0
selector_composite;2025-03-31;2024-12-31;kalman_tvp;kalman_tvp;ZILL;all;all;0.03658285;0.08742555;-0.01935484;0.00319828;-0.00070806;0.0;1.0;1.0
always_linear;2025-06-30;2025-03-31;ridge;ridge;BISVP;all;all;0.15;-0.01623917;0.02832273;-0.00243588;0.00424841;0.0;0.0;1.0
always_linear;2025-06-30;2025-03-31;ridge;ridge;GAZAP;all;all;0.15;-0.01086844;0.01578947;-0.00163027;0.00236842;0.0;0.0;1.0
always_linear;2025-06-30;2025-03-31;ridge;ridge;JNOSP;all;all;0.15;-0.01533399;0.00698409;-0.0023001;0.00104761;0.0;0.0;1.0
always_linear;2025-06-30;2025-03-31;ridge;ridge;KRKOP;all;all;0.15;-0.0125065;0.11386139;-0.00187597;0.01707921;0.0;0.0;1.0
always_linear;2025-06-30;2025-03-31;ridge;ridge;KROTP;all;all;0.15;-0.01063833;0.04;-0.00159575;0.006;0.0;0.0;1.0
always_linear;2025-06-30;2025-03-31;ridge;ridge;MAGEP;all;all;0.15;-0.00806702;-0.04035874;-0.00121005;-0.00605381;0.0;0.0;1.0
always_linear;2025-06-30;2025-03-31;ridge;ridge;SAGOP;all;all;0.1;-0.01205561;0.3;-0.00120556;0.03;0.0;0.0;1.0
always_transformer;2025-06-30;2025-03-31;patchtst_global;patchtst_global;BISVP;all;all;0.15;0.05936216;0.02832273;0.00890432;0.00424841;0.0;0.0;1.0
always_transformer;2025-06-30;2025-03-31;patchtst_global;patchtst_global;GAZAP;all;all;0.0603469;0.05157615;0.01578947;0.00311246;0.00095285;0.0;0.0;1.0
always_transformer;2025-06-30;2025-03-31;patchtst_global;patchtst_global;KGKCP;all;all;0.15;0.0664304;0.01960881;0.00996456;0.00294132;0.0;0.0;1.0
always_transformer;2025-06-30;2025-03-31;patchtst_global;patchtst_global;KRKOP;all;all;0.11501544;0.06132468;0.11386139;0.00705329;0.01309582;0.0;0.0;1.0
always_transformer;2025-06-30;2025-03-31;patchtst_global;patchtst_global;MGTSP;all;all;0.05317032;0.06147718;-0.04987531;0.00326876;-0.00265189;0.0;0.0;1.0
always_transformer;2025-06-30;2025-03-31;patchtst_global;patchtst_global;OGKB;all;all;0.15;0.06516579;0.08623806;0.00977487;0.01293571;0.0;0.0;1.0
always_transformer;2025-06-30;2025-03-31;patchtst_global;patchtst_global;RDRB;all;all;0.12586283;0.06285834;-0.02725841;0.00791153;-0.00343082;0.0;0.0;1.0
always_transformer;2025-06-30;2025-03-31;patchtst_global;patchtst_global;UNKL;all;all;0.07456426;0.0582416;-0.05210421;0.00434274;-0.00388511;0.0;0.0;1.0
always_transformer;2025-06-30;2025-03-31;patchtst_global;patchtst_global;ZILL;all;all;0.12104025;0.04909887;0.07631579;0.00594294;0.00923728;0.0;0.0;1.0
selector_rule_based;2025-06-30;2025-03-31;patchtst_global;patchtst_global;BISVP;all;all;0.15;0.05936216;0.02832273;0.00890432;0.00424841;0.0;0.0;1.0
selector_rule_based;2025-06-30;2025-03-31;patchtst_global;patchtst_global;GAZAP;all;all;0.0603469;0.05157615;0.01578947;0.00311246;0.00095285;0.0;0.0;1.0
selector_rule_based;2025-06-30;2025-03-31;patchtst_global;patchtst_global;KGKCP;all;all;0.15;0.0664304;0.01960881;0.00996456;0.00294132;0.0;0.0;1.0
selector_rule_based;2025-06-30;2025-03-31;patchtst_global;patchtst_global;KRKOP;all;all;0.11501544;0.06132468;0.11386139;0.00705329;0.01309582;0.0;0.0;1.0
selector_rule_based;2025-06-30;2025-03-31;patchtst_global;patchtst_global;MGTSP;all;all;0.05317032;0.06147718;-0.04987531;0.00326876;-0.00265189;0.0;0.0;1.0
selector_rule_based;2025-06-30;2025-03-31;patchtst_global;patchtst_global;OGKB;all;all;0.15;0.06516579;0.08623806;0.00977487;0.01293571;0.0;0.0;1.0
selector_rule_based;2025-06-30;2025-03-31;patchtst_global;patchtst_global;RDRB;all;all;0.12586283;0.06285834;-0.02725841;0.00791153;-0.00343082;0.0;0.0;1.0
selector_rule_based;2025-06-30;2025-03-31;patchtst_global;patchtst_global;UNKL;all;all;0.07456426;0.0582416;-0.05210421;0.00434274;-0.00388511;0.0;0.0;1.0
selector_rule_based;2025-06-30;2025-03-31;patchtst_global;patchtst_global;ZILL;all;all;0.12104025;0.04909887;0.07631579;0.00594294;0.00923728;0.0;0.0;1.0
selector_composite;2025-06-30;2025-03-31;lasso;lasso;BISVP;all;all;0.15;0.05467041;0.02832273;0.00820056;0.00424841;0.0;0.0;1.0
selector_composite;2025-06-30;2025-03-31;lasso;lasso;JNOSP;all;all;0.1;0.05365646;0.00698409;0.00536565;0.00069841;0.0;0.0;1.0
selector_composite;2025-06-30;2025-03-31;lasso;lasso;KRKN;all;all;0.15;0.05885464;0.03571429;0.0088282;0.00535714;0.0;0.0;1.0
selector_composite;2025-06-30;2025-03-31;lasso;lasso;KRKOP;all;all;0.15;0.05779152;0.11386139;0.00866873;0.01707921;0.0;0.0;1.0
selector_composite;2025-06-30;2025-03-31;lasso;lasso;KROTP;all;all;0.15;0.05275619;0.04;0.00791343;0.006;0.0;0.0;1.0
selector_composite;2025-06-30;2025-03-31;lasso;lasso;MFGS;all;all;0.15;0.05682938;-0.08206687;0.00852441;-0.01231003;0.0;0.0;1.0
selector_composite;2025-06-30;2025-03-31;lasso;lasso;MGTS;all;all;0.15;0.05613203;0.00925926;0.00841981;0.00138889;0.0;0.0;1.0
always_linear;2025-09-30;2025-06-30;ridge;ridge;ARSA;all;all;0.15;0.00326199;-0.12863071;0.0004893;-0.01929461;0.0;0.0;1.0
always_linear;2025-09-30;2025-06-30;ridge;ridge;BISVP;all;all;0.15;0.00675208;0.25632563;0.00101281;0.03844884;0.0;0.0;1.0
always_linear;2025-09-30;2025-06-30;ridge;ridge;CNTLP;all;all;0.15;0.00190063;-0.05696203;0.00028509;-0.0085443;0.0;0.0;1.0
always_linear;2025-09-30;2025-06-30;ridge;ridge;GAZAP;all;all;0.15;0.00132674;-0.0;0.00019901;-0.0;0.0;0.0;1.0
always_linear;2025-09-30;2025-06-30;ridge;ridge;JNOSP;all;all;0.05579048;-0.00051735;-0.08316832;-2.886e-05;-0.00464;0.0;0.0;1.0
always_linear;2025-09-30;2025-06-30;ridge;ridge;KRKOP;all;all;0.15;0.00712491;0.01777778;0.00106874;0.00266667;0.0;0.0;1.0
always_linear;2025-09-30;2025-06-30;ridge;ridge;KROTP;all;all;0.04359871;0.0063968;0.41402715;0.00027889;0.01805105;0.0;0.0;1.0
always_linear;2025-09-30;2025-06-30;ridge;ridge;KZOSP;all;all;0.15;0.00488927;-0.01495972;0.00073339;-0.00224396;0.0;0.0;1.0
always_linear;2025-09-30;2025-06-30;ridge;ridge;ROST;all;all;0.00061081;0.00134458;-0.09876543;8.2e-07;-6.033e-05;0.0;0.0;1.0
always_transformer;2025-09-30;2025-06-30;patchtst_global;patchtst_global;ARSA;all;all;0.15;0.05496124;-0.12863071;0.00824419;-0.01929461;0.0;0.0;1.0
always_transformer;2025-09-30;2025-06-30;patchtst_global;patchtst_global;GAZAP;all;all;0.15;0.09782674;-0.0;0.01467401;-0.0;0.0;0.0;1.0
always_transformer;2025-09-30;2025-06-30;patchtst_global;patchtst_global;JNOSP;all;all;0.15;0.0691388;-0.08316832;0.01037082;-0.01247525;0.0;0.0;1.0
always_transformer;2025-09-30;2025-06-30;patchtst_global;patchtst_global;KRKN;all;all;0.15;0.07665988;0.13218391;0.01149898;0.01982759;0.0;0.0;1.0
always_transformer;2025-09-30;2025-06-30;patchtst_global;patchtst_global;KRKOP;all;all;0.15;0.07132126;0.01777778;0.01069819;0.00266667;0.0;0.0;1.0
always_transformer;2025-09-30;2025-06-30;patchtst_global;patchtst_global;MFGSP;all;all;0.07635565;0.05576021;0.07635468;0.00425761;0.00583011;0.0;0.0;1.0
always_transformer;2025-09-30;2025-06-30;patchtst_global;patchtst_global;PRMB;all;all;0.06951719;0.07075061;-0.09285714;0.00491838;-0.00645517;0.0;0.0;1.0
always_transformer;2025-09-30;2025-06-30;patchtst_global;patchtst_global;VSYDP;all;all;0.10412717;0.09003231;-0.03680982;0.00937481;-0.0038329;0.0;0.0;1.0
selector_rule_based;2025-09-30;2025-06-30;patchtst_global;patchtst_global;ARSA;all;all;0.15;0.05496124;-0.12863071;0.00824419;-0.01929461;0.0;0.0;1.0
selector_rule_based;2025-09-30;2025-06-30;patchtst_global;patchtst_global;GAZAP;all;all;0.15;0.09782674;-0.0;0.01467401;-0.0;0.0;0.0;1.0
selector_rule_based;2025-09-30;2025-06-30;patchtst_global;patchtst_global;JNOSP;all;all;0.15;0.0691388;-0.08316832;0.01037082;-0.01247525;0.0;0.0;1.0
selector_rule_based;2025-09-30;2025-06-30;patchtst_global;patchtst_global;KRKN;all;all;0.15;0.07665988;0.13218391;0.01149898;0.01982759;0.0;0.0;1.0
selector_rule_based;2025-09-30;2025-06-30;patchtst_global;patchtst_global;KRKOP;all;all;0.15;0.07132126;0.01777778;0.01069819;0.00266667;0.0;0.0;1.0
selector_rule_based;2025-09-30;2025-06-30;patchtst_global;patchtst_global;MFGSP;all;all;0.07635565;0.05576021;0.07635468;0.00425761;0.00583011;0.0;0.0;1.0
selector_rule_based;2025-09-30;2025-06-30;patchtst_global;patchtst_global;PRMB;all;all;0.06951719;0.07075061;-0.09285714;0.00491838;-0.00645517;0.0;0.0;1.0
selector_rule_based;2025-09-30;2025-06-30;patchtst_global;patchtst_global;VSYDP;all;all;0.10412717;0.09003231;-0.03680982;0.00937481;-0.0038329;0.0;0.0;1.0
selector_composite;2025-09-30;2025-06-30;lasso;lasso;ARSA;all;all;0.15;-0.00108681;-0.12863071;-0.00016302;-0.01929461;0.0;0.0;1.0
selector_composite;2025-09-30;2025-06-30;lasso;lasso;GAZAP;all;all;0.04555908;-0.00491751;-0.0;-0.00022404;-0.0;0.0;0.0;1.0
selector_composite;2025-09-30;2025-06-30;lasso;lasso;JNOS;all;all;0.05572777;-0.00151965;-0.07163324;-8.469e-05;-0.00399196;0.0;0.0;1.0
selector_composite;2025-09-30;2025-06-30;lasso;lasso;JNOSP;all;all;0.15;-0.00091961;-0.08316832;-0.00013794;-0.01247525;0.0;0.0;1.0
selector_composite;2025-09-30;2025-06-30;lasso;lasso;KOGK;all;all;0.10480735;-0.00350247;-0.0960452;-0.00036708;-0.01006624;0.0;0.0;1.0
selector_composite;2025-09-30;2025-06-30;lasso;lasso;KRKN;all;all;0.10907783;-0.0036087;0.13218391;-0.00039363;0.01441833;0.0;0.0;1.0
selector_composite;2025-09-30;2025-06-30;lasso;lasso;KRKOP;all;all;0.15;-0.000899;0.01777778;-0.00013485;0.00266667;0.0;0.0;1.0
selector_composite;2025-09-30;2025-06-30;lasso;lasso;KZOSP;all;all;0.01578989;-0.00084357;-0.01495972;-1.332e-05;-0.00023621;0.0;0.0;1.0
selector_composite;2025-09-30;2025-06-30;lasso;lasso;MFGSP;all;all;0.14555704;-0.00275327;0.07635468;-0.00040076;0.01111396;0.0;0.0;1.0
selector_composite;2025-09-30;2025-06-30;lasso;lasso;UKUZ;all;all;0.07348105;-0.000897;-0.08333333;-6.591e-05;-0.00612342;0.0;0.0;1.0
